Al,Ap,Xtau,XN,Ztau,ZN,fun,xx,yy,zz,fev,11,12,13,14,15,16
3.1115454493653916,0.9982578054276694,1.8324445184610367,7.0,0.4803381994569765,1.0,0.10577256067356788,1,1,0,1847,0,0,0,0,100,100
