Al,Ap,Xtau,XN,Ztau,ZN,fun,xx,yy,zz,fev,11
2.616820269966563,1.7271152404304528,4.26,50.0,1.65075,38.0,0.1139303988113358,-9.126131485064082e-09,1.3374374963092718e-09,0.7721392023772986,1440,fail
