Al,Ap,Xtau,XN,Ztau,ZN,fun,xx,yy,zz,fev,11
1.3158933687767504,1.4444552093150969,1.17725,1.0,0.6925,1.0,-1.0,2.6260629992190125e-08,7.807816216481855e-10,0.8547974510955214,881,fail
1.4734041440906844,0.9747873281539647,4.2415,1.0,2.495,1.0,-1.0,2.1639783748973565e-10,-5.855673507524197e-09,0.9765288792447959,881,fail
1.3010775127268557,1.6513339258554351,1.17725,1.0,0.6925,1.0,-1.0,2.447899450236661e-07,2.3572078785422113e-09,0.8593377631764479,881,fail
1.7360608902135473,1.114933105921041,2.59675,1.0,1.5275,1.0,-1.0,-6.640855668716143e-10,-1.4148597471706293e-08,0.779806162101112,881,fail
4.274322322963141,1.4539643775722526,3.56575,1.0,2.0975,1.0,-1.0,3.3160725773176435e-09,5.9193407006509144e-08,0.8544912679488388,881,fail
