Al,Ap,Xtau,XN,Ztau,ZN,fun,xx,yy,zz,fev,11
2.1431562999435942,0.3184448389336207,2.9050000000000002,17.0,2.3240000000000003,13.0,0.22394612379467557,-0.02010188895278204,-0.08452721300826616,0.7897005742909686,2995,fail
1.5090767286270608,1.241753711465555,4.967245727372389,13.0,3.2014177408011335,9.0,0.09042544066521215,-0.14490995610430032,-0.34478444291590543,0.9830595896785097,6154,fail
