Al,Ap,Xtau,XN,Ztau,ZN,fun,xx,yy,zz,fev,11
1.0197118136070895,1.2828659078492388,4.33735306476767,7.0,2.9501236630968735,44.0,0.0788325602306915,3.5057026726015295e-14,2.7178780059866625e-15,0.9907895697415742,10736,fail
