Al,Ap,Xtau,XN,Ztau,ZN,fun,xx,yy,zz,fev,11
3.1418627892938558,0.42656143913342315,4.03,17.0,2.6195000000000004,13.0,0.12458260814359774,3.959240983905676e-13,4.670610610169545e-16,0.8877050560051728,2343,fail
4.63539260644425,0.40221573824185963,4.0600000000000005,17.0,2.6390000000000002,17.0,0.37621746141055923,-2.1418462831774253e-09,-1.2375950958487536e-14,0.6296779179179295,2263,fail
1.9847325112321696,1.5294934801246325,2.093807944439312,9.0,1.2459085914850347,1.0,0.07265600219144919,-8.993306774610597e-08,1.1626863361847983e-08,0.9913180974454199,2778,fail
1.5828509985042853,1.4924696193514524,4.879173744423293,9.0,2.8430946192489857,5.0,0.11149872338747605,-1.1868452054475398e-10,3.846760410208816e-11,0.9772312549696844,2653,fail
