Al,Ap,Xtau,XN,Ztau,ZN,fun,xx,yy,zz,fev,11
3.8642141710088413,0.7962897493440118,1.7533749579573383,15.0,1.161874974491522,15.0,0.49999999999999284,-8.849925817676872e-10,1.6403124419948206e-08,0.9755854429118119,2346,fail
1.353542754523467,0.5954247872128806,3.696437494114529,7.0,2.5510624987609534,15.0,0.5000000000000058,2.3061602836712735e-13,-9.13599637033209e-15,0.9292369579290168,891,fail
3.484922777416079,1.7736607158404347,3.268124999906403,15.0,1.929374999962561,15.0,0.49999999999999173,7.85836847750276e-08,-2.213197802108935e-10,0.8781374173037475,1804,fail
3.7270342744267784,0.9487069172314573,1.7793124999999999,15.0,1.0504375,7.0,0.5000000000000001,5.829570948661994e-09,-5.247989980483711e-09,0.9446216937332756,1432,fail
3.62531612127819,0.8130873700308653,1.9301874999818533,15.0,1.3229374999346457,15.0,0.4999999999999905,-1.6822033967623523e-09,2.588141278982853e-09,0.9863342386035595,2857,fail
