Al,Ap,Xtau,XN,Ztau,ZN,fun,xx,yy,zz,fev,11
2.070649940638093,0.37383612078653244,2.9349999999999996,17.0,2.1278750000000004,9.0,0.12483582887590894,-1,-1,0.8893845489205163,1863,fail
3.9877294212117076,1.861983476687033,4.317556699163435,17.0,3.4480000000000004,5.0,0.06918683455044516,-1,-1,0.9872077647840176,1589,fail
