Al,Ap,Xtau,XN,Ztau,ZN,fun,xx,yy,zz,fev,11
4.823426915808629,0.35760719025617255,3.9838555953953074,17.0,2.8879805953953075,9.0,0.48685722540916015,1.402764197592425e-09,-1.188618431111066e-13,0.5187145503644135,2105,fail
2.0268615775965753,1.839349354048366,2.0731382075524474,5.0,1.1972314493380942,9.0,0.19462714031216302,2.8084103195389568e-08,-1.0776263422134901e-08,0.8983090485639402,1581,fail
1.6335318259763452,1.660083079420058,4.85464764181955,17.0,3.5211510696566393,5.0,0.05877263697393073,-2.0181456438037731e-07,1.2049488420928789e-09,0.995543041491206,3959,fail
3.832472875930987,1.840488972068728,4.3728165527267,17.0,2.5260952320525116,13.0,0.05422254291641697,-4.5884276196270224e-14,6.2917254414242285e-12,0.9957161771858846,2950,fail
3.0048890777543606,1.640520639508286,2.5811683865304365,13.0,1.5863749999999999,1.0,0.05156019912612398,8.302386556024999e-15,1.0093961474473686e-08,0.9928845193436501,2810,fail
0.5023934907148179,0.9592188417336595,2.6228659076641,9.0,1.610862766077107,1.0,0.09369574945129368,3.632646160153753e-08,-4.98288476452613e-15,0.980572843793714,3396,fail
2.952677208849542,1.7431320480332941,2.5944360576443,9.0,1.719940376014422,5.0,0.07743046707991072,-4.507462111891236e-12,-2.0421164759198973e-14,0.9889834812722562,4058,fail
3.4284561868887327,0.3507085651464058,1.7716862160921696,17.0,1.0173112160921698,1.0,0.3397829875457338,1.0221553997365272e-12,-4.104327595223409e-11,0.6689312581551059,1154,fail
4.8336077735325125,0.36196453915351956,3.98,17.0,2.8855000000000004,9.0,0.48392095011709385,-1.3100350225729758e-09,3.3274429565854913e-10,0.5214256795989491,2659,fail
