Al,Ap,Xtau,XN,Ztau,ZN,fun,xx,yy,zz,fev,11
4.276897898412654,0.3326215197734452,2.915,17.0,2.1133750000000004,9.0,0.5063614681842199,0.0052540368248042285,0.008143217389183853,0.5072858318308575,1748,fail
3.838081503848932,0.42301062100292336,1.6944367350056582,17.0,0.973389461071523,17.0,0.22520879360990662,0.008451273612601007,0.000260599870867545,0.78420061232719,1172,fail
2.5109819668925284,1.24252023531058,1.9615707116461136,9.0,1.1806885775241955,1.0,0.05563696887554202,0.24958407435918328,0.0321125985374137,0.9929504376904149,6492,fail
