Al,Ap,Xtau,XN,Ztau,ZN,fun,xx,yy,zz,fev,11
3.553778577611811,1.779258415392223,0.34406281557913704,7.0,0.18562831391546733,11.0,0.06367474016195279,0.060961293536378316,0.0013952863516519254,0.9938576768932565,2489,fail
1.0219316794174709,1.5104893933744914,3.3684044370568977,13.0,2.2070635993046746,5.0,0.12818447044097964,0.12359674173310745,0.3011885378706823,0.9502600413345534,11962,fail
