Al,Ap,Xtau,XN,Ztau,ZN,fun,xx,yy,zz,fev,11
2.7667943617540036,1.2652159900563293,3.07625,1.0,2.14,50.0,0.4999999999999991,7.3274496498232e-10,-1.1576729570632327e-09,0.9551834076514025,896,fail
0.631794173189109,1.501255412575068,3.3115,1.0,2.8640000000000003,1.0,0.4999999999999999,-1.0154448983655875e-06,3.147118468143067e-07,0.9235142610861604,2751,fail
3.398661827937527,1.4155861548917883,0.31506244003978134,44.0,0.270687500402233,7.0,0.4999999999999766,1.4454643880489407e-09,2.320466720563772e-08,0.9933404536440285,3197,fail
3.839155283285666,0.4277692437003865,1.567875,1.0,1.356,1.0,0.5000000000000001,9.039333895386348e-10,2.625412727388747e-10,0.9886513858958482,1198,fail
1.6464420193883462,1.718822071154521,4.4677500000000006,1.0,3.8640000000000003,1.0,0.5000000000000004,3.212328687913471e-07,-1.7223523778790543e-07,0.87755353101764,1753,fail
