Al,Ap,Xtau,XN,Ztau,ZN,fun,xx,yy,zz,fev,11
1.1527200310718548,1.7007096578308794,2.805,1.0,1.6500000000000001,1.0,1.0,-1.8223179813021614e-09,-2.879699239483058e-09,0.9362553652270034,881,fail
1.6731098719560544,0.9986036713636628,2.6222499999999997,1.0,1.5425,1.0,1.0,-1.8760620441589208e-10,1.285524158173637e-08,0.9129965060544375,881,fail
1.2379305453857115,0.9378888308761981,3.5912499999999996,1.0,2.1125,1.0,1.0,9.551183274619443e-09,-2.7118917209661866e-08,0.8633763955957736,881,fail
0.5484801833165622,1.1715032066930435,3.1025,1.0,1.825,1.0,1.0,-6.954457174631473e-08,-3.445458211283076e-08,0.9686821178485041,881,fail
3.4267206774390093,0.9747383290021142,1.5045,1.0,0.885,1.0,1.0,-6.292008374145534e-10,-3.6800144673904394e-10,0.8526088507304646,881,fail
