Al,Ap,Xtau,XN,Ztau,ZN,fun,xx,yy,zz,fev,11
1.5109686044980266,1.3822309007771547,1.1432499999999999,1.0,0.6725,1.0,-1.0,-7.245979904949734e-08,-2.3834217701725058e-07,0.908549484170925,881,fail
2.8435604714459988,0.7694854271022614,3.5487499999999996,1.0,2.0875,1.0,-1.0,-1.8074895557934644e-09,-1.7395313885355552e-10,0.9814162506897152,881,fail
1.965751291633253,1.037330413254982,0.36124999999999996,1.0,0.2125,1.0,-1.0,5.2390218157789825e-06,7.274648244903759e-10,0.9522266102073678,881,fail
2.6825325225012993,0.3373583272256053,2.30775,1.0,1.3575,1.0,-1.0,-1.9796485605071276e-13,6.7529871768066e-12,0.6297523113986916,881,fail
0.9224249416574559,1.4445354592639497,3.74425,1.0,2.2025,1.0,-1.0,2.2484137075665187e-08,-1.4581167721806551e-08,0.8251357268395032,881,fail
