Al,Ap,Xtau,XN,Ztau,ZN,fun,xx,yy,zz,fev,11
4.163515033119252,1.7542683440676317,0.27625,1.0,0.1625,1.0,1.0,2.5642368306814066e-07,4.577107151561462e-08,0.9779624176027214,881,fail
2.2535115462132627,1.4499742359686711,1.7255000000000003,1.0,1.0150000000000001,1.0,1.0,-6.185938186182736e-08,-3.6928120311532746e-09,0.91067867955789,881,fail
3.065035256828687,1.8508013080564076,2.1845,1.0,1.285,1.0,1.0,1.4576352963785021e-08,-1.003450036003435e-07,0.9055335739751461,881,fail
4.690196957039465,0.8055654047577304,3.42975,1.0,2.0175,1.0,1.0,1.765078541660081e-08,4.131150223339944e-11,0.9652931672065985,881,fail
4.376769244624127,0.5042917664390533,2.4522500000000003,1.0,1.4425000000000001,1.0,1.0,1.516505324081533e-09,2.545867936766793e-10,0.9646089325599486,881,fail
