Al,Ap,Xtau,XN,Ztau,ZN,fun,xx,yy,zz,fev,fxtau,fxn,fztau,fzn,cost,cost2
3.8054369810065083,1.8307903557010112,0.33072852114146,16.0,0.1482499047365902,16.0,0.003104261935797159,-0.05594411276396328,-0.005955750105509819,-0.987787402605313,2263,0.3385070106752663,7.0,0.0825116844587771,1.0,0.006106298697345136,4.821609833912505
3.019761310219166,1.7123021107930858,2.578716212640537,19.0,0.00047383248326337006,25.0,0.004009134423080596,-0.06316827029779085,-0.0014747265464232443,-0.9919817231266324,2435,2.5787163400590605,19.0,0.00047351581068859127,24.997069923472306,0.004009138436677606,98.00305743007395
3.9400693545019467,1.528098510687331,0.3261275878504324,16.0,0.143981686709431,16.0,0.0022953910627104834,-0.05151238543458529,-0.0047605707703167145,-0.9946326438802822,2128,0.3273932265992106,10.0,0.017617479136131042,10.0,0.002683678059863581,6.724039323345522
2.071909426326263,0.65546288590844,2.9376251878224013,13.0,1.092089297013232,13.0,0.000488641524869271,-0.007392696190552232,0.00792365827877901,-0.9910607473809562,2134,2.925466753394565,13.0,0.36865673058821746,13.0,0.004469626309528962,80.85467308590553
0.7019556716414427,1.7069012058530553,0.5129179285088289,16.0,0.02771862195373573,4.0,0.005407021690674418,-0.07717769183441192,-0.0033103931383897146,-0.987992614918002,3699,0.48042767294735367,4.0,0.02757559711179104,10.0,0.0060036925410027475,4.11917735469674
