Al,Ap,Xtau,XN,Ztau,ZN,fun,xx,yy,zz,fev,11,12,13,14,15,16
2.3427555387715686,0.4936048094739327,2.8349999202096425,19.0,1.0540826491754156,13.0,0.00047228803371557326,-0.01481155611506493,0.01798115290227994,-0.9079328082374865,2298,2.829545270650251,13.0,0.7067421177504183,7.0,0.04603359588124556,78.51537186115947
0.3922881593061074,0.6786885228163452,1.6095895759742134,7.0,0.4110869063466982,7.0,0.0039370402051609465,-0.006571757683102485,0.011227377467605451,-0.962286886344329,2808,1.5978223437957926,7.0,0.286103586868121,1.0,0.018856556827835713,22.655616400009215
