Al,Ap,Xtau,XN,Ztau,ZN,fun,xx,yy,zz,fev,11
0.6615116931434389,1.4875796646947712,2.5488506513470948,32.0,0.0879893772215247,19.0,0.011645925427690162,1.000846475351317e-07,-1.103853278856988e-10,-1,2860,shgo1
4.213495786124126,0.930440846872996,2.9349075651000094,13.0,0.36362381007223693,26.0,0.00030640761265798844,2.035820477990077e-10,1.4665717506514783e-12,-1,2143,shgo1
3.3053918175266377,0.5281427500953834,1.8030808395940308,26.0,0.6396693667812963,1.0,0.00024249403751430698,3.445813463531051e-11,-2.6164678334095887e-14,-1,2038,shgo1
