Al,Ap,Xtau,XN,Ztau,ZN,fun,xx,yy,zz,fev,11
3.8581461976591824,1.6214405992666503,0.33153474793661697,50.0,0.13123834136546128,13.0,0.002350948542712228,-4.290267354009267e-08,-1.3877787807814457e-17,-0.9952981029147563,4447,shgo1
0.37796209114390095,1.0865753094756123,4.823766803720804,50.0,1.6142984993479337,1.0,0.011290341104053137,-3.879516964669621e-08,-2.6020852139652106e-18,-0.9774193177919149,1893,shgo1
1.5693061728547186,1.779571868079547,1.3406514162163472,13.0,0.007073376600723469,50.0,0.002281901839506384,5.83870152475862e-09,2.1141942363467336e-18,-0.9954361963210164,2703,shgo1
