Al,Ap,Xtau,XN,Ztau,ZN,fun,xx,yy,zz,fev,11
4.88610530071487,0.7350153705332831,3.954681249306473,38.0,0.00035214639027292467,13.0,8.924108413965737e-05,-2.872711338014651e-10,-1.0552290284789306e-10,-0.9998215178316908,1826,shgo1
0.860434599865899,1.6028701584116563,2.4605340062944245,26.0,0.0010918809622031858,50.0,0.009750278794166123,4.9861982184024354e-09,2.9237194761576324e-10,-0.980499442411599,2025,shgo1
0.8982393337987576,1.7641902209723976,2.433919465468459,50.0,0.8977638832540097,38.0,0.011243443993090185,-1.3433208355623314e-11,-1.4050811227950093e-15,-0.9775131120138396,1874,shgo1
