Al,Ap,Xtau,XN,Ztau,ZN,fun,xx,yy,zz,fev,11
2.0966484076859357,0.7171609166932525,2.929078712453633,13.0,1.4528518198954312,10.0,0.0012749999243253374,-2.8585132562174804e-11,0.0,-0.997450000151368,32934,shgo1
2.5700541020993866,1.5896132419691456,5.089833786406578,22.0,1.645415342474876,22.0,0.0015012308612292191,2.4996218274078068e-11,0.0,-0.9969975382775615,47638,shgo1
0.6074391570590306,1.4363392800562933,3.6068012784922967,13.0,1.7995661296942815,22.0,8.85041719089763e-06,1.479460297489337e-11,0.0,-0.9999822991661842,31330,shgo1
0.4932691819004024,1.6952593322073362,3.652874209661735,7.0,0.2254095933470081,19.0,0.0019019770731399932,-5.527841550657681e-09,0.0,-0.9961960458558715,35262,shgo1
4.177714000489334,1.1401687080401453,2.9437768017053734,10.0,1.2812107781544855,13.0,0.00022818549540148947,1.7665626177599397e-12,0.0,-0.9995436290096948,37938,shgo1
