Al,Ap,Xtau,XN,Ztau,ZN,fun,xx,yy,zz,fev,11
3.7024530123309156,1.0871051504849478,1.7072901948705095,12.0,0.14410841956790935,24.0,0.00010481445464904926,-1.8374820394217008e-10,0.0,-0.999790371091483,24944,shgo1
2.949406660149898,1.1254871509027204,1.878302103312043,10.0,0.696689764748195,22.0,0.00047061893218336426,2.539343550632899e-12,0.0,-0.9990587621372442,23608,shgo1
3.8968499120734847,1.3942305190360742,1.683242622906011,20.0,0.0936510631919657,24.0,0.0004877880018999692,1.8621561138847218e-10,0.0,-0.99902442399948,24268,shgo1
