Al,Ap,Xtau,XN,Ztau,ZN,fun,xx,yy,zz,fev,11
2.6268868551400746,1.3441069563578145,4.273271272420954,38.0,1.610149955863492,1.0,0.00746186810545757,1.6424764167559218e-09,5.421010862427522e-20,-0.9850762637890885,2103,shgo1
2.1256593081637747,1.2937416036983245,3.7331179632824854,13.0,0.0070184984371870675,50.0,0.000364130213238556,-4.5822121597582314e-10,-6.572975670693371e-18,-0.9992717395735397,2842,shgo1
2.2317016845741207,1.3608144111764469,2.041821726845289,26.0,0.511455674729639,13.0,0.011863919376197352,3.6341019813378433e-12,-7.047314121155779e-19,-0.9762721612475976,1711,shgo1
