Al,Ap,Xtau,XN,Ztau,ZN,fun,xx,yy,zz,fev,11
4.262376986964139,1.516042239006408,1.6149999999999998,38.0,0.2018871125,50.0,0.04588775850788418,4.948160104930894e-08,1.0908749598081968e-10,0.8625703187385046,1345,shgo1
2.927817649635566,0.5414521986337429,4.135780197595804,50.0,0.5160146299822197,26.0,0.0008143509209083133,3.150971733425871e-11,-2.312781890100816e-13,0.9940787107315838,2163,shgo1
2.4343098606709783,1.3733146076768818,1.98286995845786,38.0,0.4971660301352001,38.0,0.011497621092118493,4.1718076712751e-09,1.5059568175823657e-13,0.9785556045249946,2087,shgo1
