Al,Ap,Xtau,XN,Ztau,ZN,fun,xx,yy,zz,fev,11
3.953732320715243,0.9991210865881802,1.663541129547774,13.0,0.05565680709457555,1.0,7.091823110617161e-05,2.3777698813370884e-08,-2.6470922350786685e-11,0.9998581635377721,1990,shgo1
3.663614093738992,1.3567013873200058,3.1018846146913153,26.0,1.1606614207675938,13.0,0.0009690787490246639,3.3922439692682774e-08,-1.1838381609643317e-09,0.9980618425020815,2292,shgo1
1.1667176090993305,0.4363118955974803,0.47228579855580055,38.0,0.05893178884970203,38.0,0.00035721072069541275,1.3508156695204304e-08,-3.361422468498021e-14,0.9992855785587109,3244,shgo1
