Al,Ap,Xtau,XN,Ztau,ZN,fun,xx,yy,zz,fev,11
1.4343000741323748,1.465012557821304,1.3692247062162188,10.0,0.0649374109034514,7.0,3.643762501615022e-05,-3.118539966735258e-11,0.0,-0.9999271247502829,25774,shgo1
2.8402442868382476,1.3115346963052803,0.3728818904608739,20.0,0.05615231923151388,14.0,0.0019029463215896048,-1.422093226909212e-09,0.0,-0.9961941073567991,29261,shgo1
2.355619037562895,1.3847786287761934,2.00288744585944,22.0,0.003611435982048341,19.0,0.0030459471552380935,1.3412972361583747e-10,0.0,-0.9939081056900217,25316,shgo1
3.8089662070907213,0.6934728274333525,1.7028836674337677,16.0,0.09925734688081377,7.0,0.0001615522019777771,3.1070797688458485e-13,0.0,-0.9996768956078647,26655,shgo1
4.666275017001429,0.4293405144522307,4.045095221397474,25.0,0.7585565267468417,10.0,0.010647146892103665,-7.70985696346791e-12,0.0,-0.9787057571845482,25439,shgo1
