Al,Ap,Xtau,XN,Ztau,ZN,fun,xx,yy,zz,fev,11
3.9798544868988435,1.6379298609325441,4.3103459051461686,14.0,1.3646044429415278,8.0,0.001191638586621413,-7.554334575558342e-14,0.0,-0.9976167228267667,27770,shgo1
4.299863529411415,0.5608812298953385,2.9032280911796455,22.0,0.18370157841796875,22.0,6.390913371512319e-05,-9.864014337932912e-12,0.0,-0.9998721817325581,28363,shgo1
4.604883789438913,1.4328410487815675,2.81527150296346,20.0,0.17337495011462914,18.0,0.0008333557462074648,1.271891316090767e-10,0.0,-0.9983332885076923,28168,shgo1
