Al,Ap,Xtau,XN,Ztau,ZN,fun,xx,yy,zz,fev,11
3.813468512581207,0.8543354922126911,1.6911002602674696,14.0,0.0633942975609626,14.0,4.422390373426399e-05,9.093553613294478e-11,0.0,-0.9999115521929992,26228,shgo1
3.1635779801654538,1.6798321995332723,2.551226075089809,10.0,0.7239170034869244,1.0,0.003244402189440443,-3.3174697169034706e-10,0.0,-0.9935111956211077,23548,shgo1
3.0735197384765116,0.9239781946333389,1.852704878339863,14.0,0.1995170078922161,20.0,0.0005690222880023743,2.686538998195368e-12,0.0,-0.9988619554240019,24777,shgo1
