Al,Ap,Xtau,XN,Ztau,ZN,fun,xx,yy,zz,fev,11
0.577990353336222,0.3645985489230191,0.5309960258305646,16.0,0.19108047109811407,19.0,0.0002605289783867981,1.2767112969038971e-11,0.0,-0.9994789420432476,27444,shgo1
0.39331978795172945,0.5818398790191995,0.5296036094612799,20.0,0.003083630873612639,6.0,0.0006652998244194297,9.122271791032685e-11,0.0,-0.9986694003511754,28902,shgo1
4.122004179127244,1.796720491999673,0.3224971002808441,20.0,0.012976678071963035,2.0,0.002704730327294569,5.602509380465276e-09,0.0,-0.9945905393454321,30027,shgo1
