Al,Ap,Xtau,XN,Ztau,ZN,fun,xx,yy,zz,fev,11
1.0095279414403833,0.6065916267822323,0.48989668287014815,50.0,0.06239918807471609,26.0,0.0006336005864838734,7.377326282937552e-08,7.487512671509877e-12,0.9674487799967029,3140,shgo1
1.5012232369031602,1.767892045619351,1.3377637109443044,38.0,0.15037905690037964,1.0,0.004857867178135522,-7.08825856517159e-10,-5.942293640655294e-13,0.902068517795861,1821,shgo1
3.6117579027430877,1.5624519084335802,3.8135202520413523,13.0,0.005100700400899652,50.0,0.000572045640819141,-4.257059055528395e-09,3.707263639953981e-09,0.9884041734617406,2455,shgo1
