Al,Ap,Xtau,XN,Ztau,ZN,fun,xx,yy,zz,fev,11,12
2.2181478536507417,0.9194240856274967,2.860750541768778,10.0,0.1847783909721406,19.0,0.0003850174383177585,2.450870452766485e-13,0.0,-0.9992299651237193,35418,2.87,shgo
0.5733450509928457,0.6140851860491404,0.5135897597429839,20.0,0.21182920632138877,6.0,0.0007143926735023731,-4.36072868602571e-09,0.0,-0.9985712146530012,38372,0.525,shgo
0.7531716653755212,1.4721796643474303,2.5239709521739533,7.0,1.0411778443568327,1.0,0.005100493963895114,2.477924754897302e-11,0.0,-0.9897990120722082,37370,2.515,shgo
2.5112675803654088,0.6699685145809637,2.7754114921450954,16.0,0.16905654719363114,16.0,0.00047648781786702177,-2.3725498604656417e-13,0.0,-0.9990470243642808,29355,2.77,shgo
3.2044116525486475,1.4924919049394787,0.3546911934817996,18.0,0.00013475026690312693,6.0,0.002346845305113643,3.830821690000413e-09,1.734723475976807e-18,-0.9953063093897804,38387,0.365,shgo
