Al,Ap,Xtau,XN,Ztau,ZN,fun,xx,yy,zz,fev,11
0.9913966634442826,1.6786576973941527,0.47030623076323247,38.0,0.0008139977796205919,50.0,0.004752870341726445,3.942040621494609e-06,1.5612511283791264e-17,-0.9904942593165659,2797,shgo1
3.3913460801248068,0.7982025702830544,1.7823495438285246,13.0,0.38933206990995395,1.0,0.001272566083633575,5.351446099054821e-10,4.472333961502706e-19,-0.9974548678327384,1638,shgo1
2.97058460265187,1.7886266389253966,2.5995430244471462,38.0,0.3236104406839507,13.0,0.013199143757602783,-5.167962253979446e-09,3.3542504711270293e-19,-0.9736017124856433,1261,shgo1
