Al,Ap,Xtau,XN,Ztau,ZN,fun,xx,yy,zz,fev,11
2.2242274601628362,1.7565685061165572,3.6650170053227598,9.0,2.06704012635831,1.0,-0.9970707791343819,-0.05631926045576754,-0.05853461346219218,0.9850989844055662,1959,shgo1
5.007844926508845,1.0280554110163664,3.9084457206158376,13.0,3.128,13.0,-1.03193380909286,-0.0152228456692301,-0.040326725482113544,0.9880968841388095,1287,shgo1
1.9833908797233855,0.4712122954597891,2.965,17.0,2.149625,5.0,-0.9701307635517172,-0.013526782134266488,-0.028131203010281623,0.8904396980228007,1096,shgo1
1.001003997196081,0.5468752982034808,0.4781799090200695,15.0,0.2505772289159315,15.0,-1.0231168159256794,-0.02429106620332607,-0.002392585510392807,0.991276140008917,1890,shgo1
2.1205132953561523,0.42645709447222235,2.915,17.0,1.8947500000000002,13.0,-0.98290836571749,-0.12521768309446712,-0.02736225992928317,0.9930250310440855,1226,shgo1
