Al,Ap,Xtau,XN,Ztau,ZN,fun,xx,yy,zz,fev,11
3.876850291153093,1.3630781728899044,3.021876133015857,9.0,2.205856092441938,9.0,0.018424533507348018,0.030231052163091916,0.07660886873208311,0.9990194809608929,1845,shgo1
1.5354445496837945,0.8361136210338775,4.039540786613934,9.0,2.952339695283439,9.0,0.03646819176471345,0.07236230214955816,0.15081915861988887,0.9957523267091921,2132,shgo1
