Al,Ap,Xtau,XN,Ztau,ZN,fun,xx,yy,zz,fev,11
4.372684797923151,1.6269855702827425,1.35575,1.0,0.7975,1.0,0.0,-3.6339810814385934e-09,3.553680631338506e-09,0.9280541767921153,881,shgo1
4.254815640480434,0.4271816563413749,2.4819999999999998,1.0,1.46,1.0,0.0,1.3579320282451304e-11,6.178642795363796e-11,0.9796970897235467,881,shgo1
3.7382305179149324,1.8009056835313861,3.18325,1.0,1.8725,1.0,0.0,-7.556550083364852e-08,3.5502854787983207e-09,0.9728988075479564,881,shgo1
2.6966839221086385,1.7815851934965217,4.23725,1.0,2.4925,1.0,0.0,2.4606323908835762e-09,1.1028783803904881e-08,0.9380272058230663,881,shgo1
2.488113335322373,1.0058578358937889,2.3545,1.0,1.385,1.0,0.0,1.3202918072117162e-09,1.3245792199610327e-08,0.9610869788970626,881,shgo1
