Al,Ap,Xtau,XN,Ztau,ZN,fun,xx,yy,zz,fev,11
2.9111624226087356,1.8405090007192815,4.12675,38.0,2.7921824731902922,13.0,0.037715752723984,1.210340855317682e-12,7.648262181567111e-09,0.991942470552993,2362,shgo1
5.01113796489713,0.8615017344171215,3.9138167005414495,26.0,2.1577612851248107,1.0,0.006426035247242221,-8.022684524043492e-10,2.5727163455169233e-13,0.999716079655322,2053,shgo1
5.017294044278703,1.084422233228494,3.899459525714364,13.0,2.5418489419009407,13.0,0.010950016067381255,-1.969669064216242e-09,6.246240415793292e-09,0.9997797696370884,1853,shgo1
3.7219826588592126,0.9753585539225534,1.7187256393120485,26.0,1.01463450232508,1.0,0.017713860099117903,-1.0812895716880242e-09,3.792280047387915e-09,0.9994975746535156,1694,shgo1
