Al,Ap,Xtau,XN,Ztau,ZN,fun,xx,yy,zz,fev,11
4.693941998399477,1.7253406612636482,1.5364291481054835,9.0,0.9463125,1.0,0.024895227131514493,0.023301850022769893,0.04325094764651918,0.995312772839348,1689,shgo1
1.5137676532159206,1.6568269743080914,1.3322506956421034,9.0,0.9829662490460258,5.0,0.016325534350511497,0.18886806219338464,0.36687220519148156,0.9940628412252176,9763,shgo1
2.024521057172447,1.0155801215277445,0.43229736794696905,15.0,0.28936008488032583,3.0,0.04218983395599124,0.04115951461803545,0.0007110704063843145,0.9969561718788271,2155,shgo1
1.1013713135099028,1.3069177107054604,1.415292257884673,7.0,0.78281374691261,11.0,0.00666761290390381,0.13501633004395736,0.3392471776155582,0.9996928540524476,11792,shgo1
