Al,Ap,Xtau,XN,Ztau,ZN,fun,xx,yy,zz,fev,11
2.2987341932352483,1.5827692886865694,2.003831804851475,9.0,1.1694565491138773,13.0,-1.1007386955836167,-0.14523481748645736,-0.14752896793803788,0.8330743236472068,1689,shgo1
3.3144540970765504,1.2583194561103777,3.947302455661821,9.0,2.8461281770208946,17.0,-1.0181276982941951,-0.15918813083789887,-0.03768953946285231,0.905990742228982,2267,shgo1
4.6552593404665155,0.897031751720747,4.044387334575177,13.0,3.2242957101212255,1.0,-1.0550449994631206,-0.03143106021127261,-0.045786535560366555,0.9927194025059887,1839,shgo1
0.3264291024666074,1.5857337687641886,0.595844070188019,11.0,0.28387273533729823,11.0,-1.0624288223394922,-0.0748924449321528,-0.003767591639987314,0.9840221485414343,2614,shgo1
1.8688723874930644,0.9508697574669746,0.4418503811245686,15.0,0.2959864814227256,11.0,-1.036509600498245,-0.0395276910518865,-0.0055956662018549486,0.9706547582659072,2040,shgo1
