Al,Ap,Xtau,XN,Ztau,ZN,fun,xx,yy,zz,fev,11
4.415575661908105,0.9079434959724909,2.873189025167637,13.0,2.074419596333939,9.0,0.024527624231348983,-0.017386753011653492,-0.11305033716937783,0.9984445125243822,1904,shgo1
1.2911030092146376,0.45810885143185587,0.47,13.0,0.37600000000000006,17.0,0.035287202058589165,-0.017542312600660605,-0.002272970299999365,0.983937664921519,1393,shgo1
1.560898769053177,0.5417509319574637,4.036095817191478,13.0,2.33600913393605,5.0,0.01643046585223929,-0.02052770263878502,-0.028512829256676128,0.9994430153850964,1547,shgo1
