Al,Ap,Xtau,XN,Ztau,ZN,fun,xx,yy,zz,fev,11
2.1540908936383896,0.8204150642968656,2.8887188264094217,11.0,1.5422197933611355,11.0,0.02893023566230258,9.820963486895096e-14,1.0602629885170245e-14,0.9963360265556211,4144,shgo1
1.6048665993381583,1.766937954146262,1.313926735902941,9.0,0.9671880799539945,5.0,0.004971349354912713,4.423024446698065e-14,2.3300606166731797e-09,0.9994840042034413,9991,shgo1
3.257761127079771,1.7061469057474357,3.2345586926812446,9.0,2.0706212358475833,1.0,0.0076800846176546325,-2.4525097109401317e-09,-2.351898406929842e-12,0.9996364152510437,4459,shgo1
3.3237235004348564,1.6294875983680845,3.208413767675969,9.0,2.09790839174555,9.0,0.026471155827406792,5.63282059884429e-13,-2.677979366039196e-17,0.9978615197892772,5893,shgo1
0.9300080538338212,0.5963084260470254,0.48553410601238445,11.0,0.32926213061883053,15.0,0.02629767401668855,-1.7264398205138476e-07,6.897374789371913e-10,0.9987461876753806,2078,shgo1
0.3964715822869917,0.7340051007950127,2.678345286503583,9.0,1.9717068178101713,9.0,0.04916561219778985,-4.9250299894863965e-08,5.178966240235172e-11,0.99579303599286,3062,shgo1
