Al,Ap,Xtau,XN,Ztau,ZN,fun,xx,yy,zz,fev,11
3.9209802966722718,1.8479673874446174,3.851492803974891,15.0,2.9780305251106567,11.0,1.462000360421959e-15,3.892539909107137e-18,3.0868784898749573e-17,0.9038505415358499,16197,shgo1
3.365036995404564,1.1879356477854122,1.9755155858067914,11.0,1.222042894910172,7.0,7.027035205614771e-15,1.4817312162056527e-19,-2.715622970188958e-16,0.9021315978040568,6157,shgo1
1.3659562722306573,0.7247876581653749,4.604267223680838,3.0,2.557979245862606,11.0,1.3647283524961345e-16,5.780809613469713e-19,-8.27799250325028e-18,0.9911349983314266,21261,shgo1
1.1586732221828993,1.069105600607452,1.5819030490371484,3.0,0.7591524604015696,15.0,2.6076367081592204e-17,4.113548506710893e-19,5.347784752268076e-18,0.9566826622365165,8867,shgo1
2.3314511740730164,1.1311294708448265,0.37522543366636657,13.0,0.32380591066220843,5.0,1.032017679957989e-14,1.0315776036593709e-17,6.947431996015552e-15,0.9416391606184012,15203,shgo1
