Al,Ap,Xtau,XN,Ztau,ZN,fun,xx,yy,zz,fev,11
4.1736112396710805,0.771074973283664,2.9433295340889125,13.0,1.697409787728168,9.0,0.026329233164072773,-1,-1,0.9902920777489328,1753,shgo1
1.9706901800661034,0.48616728692578587,2.9675826167802613,17.0,2.373582616780262,5.0,0.016642701709455556,-1,-1,0.9988662971698458,2197,shgo1
3.575280306170364,1.5383041723270725,3.8104744297181545,9.0,2.4862595890207717,13.0,0.009712550417083925,-1,-1,0.9979735769856817,3663,shgo1
