Al,Ap,Xtau,XN,Ztau,ZN,fun,xx,yy,zz,fev,11
1.136049878351818,1.2063635053890884,1.2686199789248849,3.0,0.7930148818990456,3.0,3.808269362392477e-16,2.5878831432331346e-19,8.57916658882028e-18,-1,5766,shgo1
1.2500856566238532,0.3508882586311079,0.4348298827308971,13.0,0.37600000000000006,5.0,1.367870620479127e-12,1.7971176712005015e-14,-1.9554473733992813e-14,-1,8558,shgo1
2.719214786929663,1.7184498926438065,5.713372772806927,1.0,3.9791253893315757,5.0,5.12279165107839e-14,1.0228459825137782e-15,-4.336808689942018e-19,-1,6633,shgo1
1.910714205105753,1.6824467835152266,2.3511513467377063,11.0,1.1506495755252855,7.0,7.384333799060244e-15,-5.33456056224838e-18,2.706168622523819e-16,-1,6725,shgo1
2.4968696011455194,1.71010231099027,4.639446554824104,5.0,2.490504725023434,9.0,1.7562214087565222e-15,1.175054024781133e-17,2.042836673624234e-18,-1,5968,shgo1
