Al,Ap,Xtau,XN,Ztau,ZN,fun,xx,yy,zz,fev,11
4.197456110631442,1.882750490257319,0.3302818338647779,19.0,0.187822356185984,32.0,0.003037538055995871,7.884569770688632e-08,2.697219547058774e-08,0.9939249238879839,4425,shgo1
3.574773609313202,1.6346957163808649,3.1222732834503155,38.0,1.797708067160289,38.0,0.002855859585307406,-1.2537959215123962e-07,-1.1025985875191824e-08,0.9942882808293146,2582,shgo1
1.3860802251298654,1.202633796954424,3.2089943116444264,26.0,2.084687580260284,26.0,0.010008515403890786,-3.8700077206440045e-09,-1.5476333649518115e-08,0.9799829691922703,1877,shgo1
0.8670540133567647,0.38850799645554535,0.49143176715212145,19.0,0.29297306222220343,19.0,0.00030057191049191805,5.2552686354533085e-08,6.076020554746098e-10,0.999398856179039,3285,shgo1
4.406291826714305,1.6474739052471552,1.5892929904674487,38.0,0.9132088894650273,26.0,0.0011563310793362054,-6.326238607295455e-09,6.535046729238755e-09,0.997687337841294,2125,shgo1
