Al,Ap,Xtau,XN,Ztau,ZN,fun,xx,yy,zz,fev,11
1.2145898835917277,1.3392476640351247,1.3965180717108356,7.0,0.807875,11.0,0.04751657695754398,0.3985161250119892,0.351363776856015,0.9953527372342142,6858,shgo1
1.4601136915157003,1.038076683914174,3.1719272980913775,9.0,2.3200689951446862,9.0,0.038949928469202706,0.29702424692647866,0.40736317963975177,0.9924889660140349,4778,shgo1
2.824366717351178,1.0811202013677075,4.167510822825328,9.0,2.73369707209133,5.0,0.03455199924793459,0.10766188983329769,0.47886706672584073,0.9978891823423004,3131,shgo1
