Al,Ap,Xtau,XN,Ztau,ZN,fun,xx,yy,zz,fev,11,12
2.0383321474088816,1.1646229708974218,3.7699999999999996,9.0,0.9425,9.0,0.004332504393144365,-0.019548739399967652,-0.04492669478212474,-0.9913349912137213,97,3.77,shgo
