Al,Ap,Xtau,XN,Ztau,ZN,fun,xx,yy,zz,fev,11,12
1.5481962204501512,1.283992399855477,4.925,5.0,1.23125,7.0,0.09414553848688699,-0.03022748552803757,-0.04867209253818432,-0.8194247706989023,10001,4.925,shgo
