Al,Ap,Xtau,XN,Ztau,ZN,fun,xx,yy,zz,fev,11,12
1.0791776071036845,0.9631379866831828,4.325,5.0,0.2703125,13.0,0.1706206778659302,-0.03489589942538164,-0.012008608605870885,-0.6620117964420603,230724,4.325,shgo
2.33919213933102,1.0286168653078607,2.825017242591458,5.0,1.0594612129572878,10.0,0.13730028188547078,-0.026504959169437955,0.009289237413571544,-0.7607759851134323,240676,2.825,shgo
3.268440115805592,1.159214263662036,1.7999758373018446,5.0,0.33766437245264636,25.0,0.10298931189359573,-0.02810165718559167,0.007298603631568069,-0.795860775703895,220467,1.8,shgo
1.7423140558538681,0.8319723111335686,3.926687082612946,4.0,1.3200944839665143,17.0,0.17507619692181112,-0.0011493187588020133,-0.011559695286199129,-0.6535940485412417,190487,3.935,shgo
2.119862628135095,1.8224380121713657,3.68184375,5.0,0.2661694640896176,4.0,0.08308247475729577,0.04111552933782993,0.03867122190139684,-0.8364711087561048,204317,3.705,shgo
4.6100141545675495,1.2846742896309948,2.81,5.0,0.35125,10.0,0.17493670259054228,-0.020854914189464658,0.007383950907962074,-0.6523259105583031,194942,2.81,shgo
1.50979505532021,1.352540030168889,1.3281874999999999,5.0,0.4203125,19.0,0.16032613726271014,-0.003144074803468587,0.0460754069781131,-0.680827995710724,184697,1.345,shgo
