Al,Ap,Xtau,XN,Ztau,ZN,fun,xx,yy,zz,fev,11,12
2.4982075211899453,0.33000086943538504,2.7749999999999995,25.0,1.3875,25.0,0.46492443409052964,-0.010513607750771594,0.012288351175248069,-0.9654469291188629,97,2.775,shgo
4.679041429595008,0.42950664605712174,4.04,25.0,2.02,25.0,0.07755511094639622,0.000930781115099831,0.016284684285293505,-0.8448897781072029,97,4.04,shgo
0.5339211740625515,1.1225765623547452,3.3855,25.0,0.4575,25.0,0.4546668733018102,0.017751527709318902,0.05686091130397385,-0.9441461058325421,107,3.66,shgo
3.208916742505328,1.1391083139575937,4.28925,25.0,1.49625,25.0,0.49965636536637914,-0.020106792313887473,-0.020280712027809636,-0.9274024446460654,112,3.99,shgo
4.753211271555153,0.3568954805720824,4.01,25.0,2.005,25.0,0.10348271533058484,0.0011346068301288856,0.007117422067312761,-0.7930345693388593,97,4.01,shgo
4.684864328641155,0.37074463757920717,4.04,25.0,1.01,25.0,0.13092473595941911,-0.003612839671703852,-0.00511989024023201,-0.7381505280811946,97,4.04,shgo
2.961141877146648,1.75852046163865,2.800375,25.0,0.325625,25.0,0.4841329789914637,-0.08755069674689737,0.05767742128402595,-0.93211208856835,112,2.605,shgo
3.273055391830972,0.8847569317996045,4.2623750000000005,25.0,1.4868750000000002,25.0,0.4997652524535665,-0.015813989120365305,-0.013145715134969354,-0.9698873067292288,102,3.9650000000000003,shgo
4.663337464615664,1.7200270630159555,1.5499999999999998,25.0,0.3875,25.0,0.04390638091137522,-0.006281227653904077,0.043927796383479725,-0.9253791422725544,97,1.55,shgo
