Al,Ap,Xtau,XN,Ztau,ZN,fun,xx,yy,zz,fev,11,12
2.3383461891473405,0.8359574578206608,2.825,10.0,1.2359375000000001,22.0,4984.290809106958,1,1,0,11347,2.825,shgo
2.724838765996314,1.407221181503901,4.985,7.0,1.24625,1.0,10392.470102698091,1,1,0,11211,4.985,shgo
2.1868658450974054,0.5172205027927638,2.89,16.0,0.36125,7.0,14014.374099161401,1,1,0,10936,2.89,shgo
3.935672116502324,1.8544331699173187,4.335,7.0,0.2709375,25.0,24486.11845952388,1,1,0,11161,4.335,shgo
1.2029724377404403,1.10719106035089,1.4238506968192584,11.0,0.2169011598407531,2.0,228.69593486827736,1,1,0,14083,1.415,shgo
