Al,Ap,Xtau,XN,Ztau,ZN,fun,xx,yy,zz,fev,11,12
4.233320945406203,0.7373796876814507,2.937149513520183,4.0,0.33072487401137973,10.0,0.3197445951540047,-0.008824372620272563,-0.0010959628599025335,-0.3640847358366365,197246,2.9250000000000003,shgo
2.2661296886729554,0.7422149002146282,2.855,4.0,0.4308414427925578,5.0,0.25800487536189326,-0.011811000702975548,0.005031374516077061,-0.5027947787702763,245548,2.855,shgo
3.191182924185053,0.7548545616905129,4.005,4.0,1.8282750312167033,14.0,0.2613096297694884,-0.011468091684627316,0.001287933217639888,-0.4850655205193113,256805,4.005,shgo
1.3047859692489807,0.6454019323178689,0.4766250000000001,5.0,0.058125,1.0,0.25681080763764463,-0.012589138428006255,-0.0005379171015563178,-0.48702165875427317,222494,0.465,shgo
0.6945929705268039,0.7770547797983025,1.5160017309075975,5.0,0.4806336545379875,22.0,0.10586288594986615,-0.014095502735805022,0.02634997030790969,-0.8202044352315407,179555,1.5350000000000001,shgo
1.1342962051027343,0.7216740354841648,0.486,5.0,0.18,19.0,0.19091000520109913,-0.018393437554817267,-0.001108339072229271,-0.6233462281969586,221869,0.48,shgo
3.7945157595199888,0.9789448309934052,1.7,5.0,0.31875,10.0,0.2145782227612874,-0.016255153274694005,0.009284884911244969,-0.5735352211440937,220235,1.7,shgo
2.1645580316708775,0.7269155099222274,2.895,5.0,0.5428125,4.0,0.2473485352444621,-0.011795545821520476,0.006156617017684246,-0.5094524295110789,250873,2.895,shgo
3.2176580572125273,1.5573795549678737,0.3645,5.0,0.09,25.0,0.10865389862188737,-0.03968524020795823,-0.003955597244800602,-0.7834782469889015,216293,0.36,shgo
