Al,Ap,Xtau,XN,Ztau,ZN,fun,xx,yy,zz,fev,11,12
3.9278072163202635,0.4910363936098352,1.638,4.0,0.33482961101996,24.0,0.3877256378835631,-0.00046512595562608113,0.00014290146993991724,-0.2260193267388131,2409632,1.68,shgo
4.632489521590582,0.5597597892217654,4.034625,5.0,0.30828967082710534,22.0,0.37023458966121026,-0.002023378502357766,0.0021066757339039312,-0.2626691666849206,2792311,4.0600000000000005,shgo
3.914769397892869,0.8194365305099103,1.6695,5.0,0.315,8.0,0.2744303831196746,-0.00619410897828558,0.008303401469815917,-0.4648484564799401,2367537,1.68,shgo
