Al,Ap,Xtau,XN,Ztau,ZN,fun,xx,yy,zz,fev,11
0.6050505986027714,0.4230282989523756,0.5162529513481975,13.0,0.22549270993582116,9.0,0.01924373849559242,0.01961812088118668,0.00020751707377135442,0.9993272753878477,1461,shgo2
2.3700096152033856,1.6758718309156833,4.406770786763656,9.0,1.7558396428313707,1.0,0.08219478527301999,0.0794300456692525,0.020221263505527342,0.9879471053441725,160,shgo7
4.539790059690444,1.5203963637686577,1.5613890081595798,9.0,0.3859154462170152,9.0,0.011855053792557175,0.054481834123819406,0.05872813643206559,0.998663384140683,1455,shgo2
4.3958112590465985,0.653499198679781,2.88,17.0,1.7639999999999996,5.0,0.0467940014511247,0.060211002960870744,0.015116036119553977,0.9859835316546236,1502,shgo2
1.2827711542350437,1.4167983531533628,3.240164889102585,9.0,0.18644126491805782,5.0,0.007974121482215966,0.09888216407780054,0.2314756394112345,0.9998596959904662,3176,shgo2
