Al,Ap,Xtau,XN,Ztau,ZN,fun,xx,yy,zz,fev,11
4.499779017915125,1.0733447263226679,2.8512532321746233,14.0,2.1043456699557543,8.0,0.003775571898189753,0.39651779520943464,0.3435440461774667,0.9995626967841671,12275,differential_evolution
0.49749027765433046,0.7731260789855543,2.6589325563015893,12.0,1.0202536526386101,11.0,0.005468581835451514,0.4292779234053549,0.21384397079045242,0.9976986613405653,8390,differential_evolution
4.189375112502893,0.47733422339631165,2.94,17.0,1.80075,17.0,0.18722182876437918,0.11854370375991508,0.19093849092727588,0.8907761096966671,1535,shgo-fail
3.108255380061094,0.7605171895646952,4.051736983204812,15.0,0.4986452695182225,15.0,0.009614609871604535,0.0376967645049966,0.023736081440858536,0.9987540330985615,2082,shgo
1.3337102820115365,1.618419967920752,1.3639412082068403,7.0,0.3309845488104182,7.0,0.008919935706642526,0.1138658585049146,0.1960119199906979,0.9997930370432936,2795,shgo
