Al,Ap,Xtau,XN,Ztau,ZN,fun,xx,yy,zz,fev,11
2.4542708721762567,0.9177298385900601,2.784783565461366,9.0,0.13925,5.0,0.03296113449512779,0.03991239398348751,0.07026686028688012,0.9963888967109474,2649,shgo2
2.0661778312463612,1.3009258855686932,3.7405496300417043,9.0,0.19530157065755013,13.0,0.006331762528893146,0.048299914666218136,0.1078699348580645,0.999920728947364,2616,shgo2
2.1894574320626647,1.7370704122489338,3.6659223391598217,9.0,0.19055262651807722,13.0,0.007254515290384336,0.061246954007472675,0.14147093962983964,0.9987704136857823,2416,shgo2
3.910735065613291,1.013236820633704,1.5878242253118509,5.0,1.1388861617218695,13.0,0.9545205373520323,0.04679419473733455,0.12588543364572136,0.9721426936973356,262,shgo7
3.7146708144280867,0.9935959102635485,1.7123460424044996,9.0,1.0507771471704606,13.0,0.03849399691142791,0.11239790333065902,0.03331603917724235,0.9830535572095753,1363,shgo2
