Al,Ap,Xtau,XN,Ztau,ZN,fun,xx,yy,zz,fev,11
0.8458298471278316,0.494171272406919,0.49316763649210626,13.0,0.22293177184726984,9.0,0.021888974005955825,0.022608522747264943,0.0002620910149499431,0.9991127726495255,1491,shgo2
1.214235854828825,0.5308443059009006,0.4643602577032633,15.0,0.14283479968789348,7.0,0.023590256452928393,0.023856642073742045,0.00036562700611235746,0.9990041932867114,1494,shgo2
0.4358822801236684,1.2754117538476248,3.691790105038407,7.0,1.242645483139751,9.0,0.00919843371270637,0.16790353302838523,0.1872733210318285,0.9997625137404439,31423,shgo3
1.4415621320206626,0.7318333413170589,4.110625515276418,9.0,0.20706378819104596,17.0,0.03175087215168157,0.032640373133075815,0.007557505162855034,0.9948581094620831,298,shgo
1.8961017090577883,1.0482217284963857,3.8331040651350157,9.0,0.20141453092982348,13.0,0.00938214044364979,0.04100873903039243,0.08837336055974578,0.9996066703771319,3337,shgo2
