Al,Ap,cost,Xtau,XN,Ztau,ZN,xx,yy,zz,fev
3.132096722053245,1.6250418249425185,0.0027078030202190018,2.5618356768891237,10.0,0.723054961921328,1.0,0.00996848096244363,-0.0482620543075053,-0.9945843939595487,26854
3.922303380235337,0.5139212934082981,0.00010786241988480771,1.6820798764486662,22.0,0.4147573217081285,13.0,-0.009163787637137231,0.0017566787343174942,-0.9997842751624386,27601
3.190806645180332,0.8212508887044001,0.00011522241808359368,4.010582956108132,13.0,1.4912477191550313,10.0,-0.007409408558358246,-0.007267977971854687,-0.9997695551652698,42162
3.4858877182614236,1.4842110215139857,0.00015878350936426866,3.8688595953461613,10.0,1.9264002222034935,16.0,-0.011626197033648526,-0.0009554038153066419,-0.9996824329820359,42670
1.8119260784484303,1.8799437088585578,0.009591897301854502,2.1508560714674125,10.0,0.6609620680624979,22.0,-0.09593818653570431,-8.11347144935486e-05,-0.9808162053970771,30553
1.1601763999119716,1.077199159415525,5.1283809003321856e-05,1.4320877878073757,10.0,0.06706106608543365,7.0,-0.007022140220291065,-0.0012616626499173382,-0.9998974323819946,25468
4.45372546136961,1.8344852273370313,0.0026634189897523086,0.3112193429983498,20.0,0.007833712713526828,2.0,-0.05152737031317729,-0.0010801811167247596,-0.9946731620204979,34290
3.3136790741283924,0.410355172523986,0.0003453344545755188,1.7984792052374228,25.0,0.7773804727572982,13.0,-0.003565509071602081,-0.01664760372612924,-0.9993093310909031,29938
1.8395341451170881,1.853642999179786,0.005531174937942862,2.145095908391185,10.0,0.7877908995387103,13.0,-0.06419586858183288,-0.023939578639281416,-0.9889376501241103,28696
