Al,Ap,fun,Xtau,XN,Ztau,ZN,xx,yy,zz,fev
3.2292433621298176,1.5575367382901275,0.0024518555262166286,0.3557861632392153,19.0,0.03144412690181012,1.0,-0.05585801278467828,-0.005934943664904865,-0.9935197622737578,2342
2.9746312545789855,0.8614247313366086,0.000974262510238133,4.097957429846518,13.0,0.6188165870030456,1.0,-0.03230911516037321,0.005270318813632335,-0.9977120418808082,2098
0.36930998249018937,1.759861131811496,0.006761902293725419,4.794085556971241,7.0,1.089870814451989,1.0,-0.072172966798136,-0.0330677001809716,-0.9864761954125485,2715
