x,fun,nfev,nit,message,success,jac
[0.52995668 9.91637069 0.28765778],0.028998059502041432,3513,76,Optimization terminated successfully.,True,[-8.18626413e-05  0.00000000e+00 -1.39513401e-05]
[ 0.50503389 11.90502817  0.31301037],0.030728329731006948,2384,51,Optimization terminated successfully.,True,[0.00012935 0.         0.00019245]
