success,status,x,fun,nit,nfev,njev,nhev,message
True,0,[0.52311671 8.97623492 0.33469696],0.03906513549146014,150,953,13,0,['Maximum number of iteration reached']
True,0,[ 0.50503389 11.8825563   0.31301037],0.030728329730888775,150,1017,29,0,['Maximum number of iteration reached']
