Al,Ap,cost,Xtau,XN,Ztau,ZN,xx,yy,zz,fev
0.4000999213807402,1.7619125224858123,0.017518481775510963,4.764032677760132,22.0,2.319102872336238,1.0,-0.13110965943539765,0.0035903451669275074,-0.9649630364489601,32145
4.466060927036868,0.3617409380849363,0.06031428684491558,2.86,25.0,0.5362500149011612,19.0,-0.007874973557712429,0.0030564802292815385,-0.8793714263101797,45367
4.00578778415678,0.36968954075389365,0.027020169923617998,1.6647837698434185,25.0,0.7279730788398798,7.0,-0.009706359648909771,-0.024099320442492692,-0.9459596601527581,30050
