Al,Ap,cost,Xtau,XN,Ztau,ZN,xx,yy,zz,fev
3.872254165374167,0.3543966458791527,0.02266645786184207,1.69,25.0,0.3168750149011612,13.0,-0.006966190001594558,0.0033385217904698047,-0.9546670842763044,25907
3.829401533352708,1.2855474012141408,0.013713583643351401,1.6926604969096586,7.0,0.31363086395301887,10.0,-0.030908158279935153,0.012982137860563406,-0.9725728327132899,30609
0.7852232932039146,1.2938828555491952,0.01505855962762026,2.4988713395897175,10.0,0.23484375,1.0,-0.11506321938048505,-0.03440518654119306,-0.9698828807447641,30578
5.022038831842495,0.38110391857078285,0.08556415577771415,3.909074058815144,25.0,0.24283177959306765,4.0,-0.003669199793767362,0.004690240900248353,-0.8288716884445815,33787
0.633859334452715,0.9836132105051619,0.010407679682373772,2.593388789858587,10.0,1.2822235361903658,10.0,-0.09282621315690738,0.006994682396021219,-0.9791846406352659,31213
0.8046920804601679,1.4745249531381954,0.018304886171708334,2.4996053722604366,7.0,0.6239613774895965,16.0,-0.07696158090491176,-0.012005409877638644,-0.9633902276565806,29804
4.657324680033449,0.39555186470651055,0.024201015428710893,4.050000014901161,25.0,0.253125,4.0,-0.006386648219622777,0.0036667196717614613,-0.9515979691425829,25345
3.985965146412546,0.3407148319937244,0.04150787164869052,1.6692660146914393,25.0,0.31360745918954513,13.0,-0.005848203191669055,0.0036678572758079425,-0.9169842567026305,27286
4.4822054293956235,0.38696428052616616,0.028571849912491842,2.854849661628427,25.0,0.3566244509485402,25.0,-0.008064396520401243,0.0017994534281506637,-0.9428563001749811,46175
