Al,Ap,cost,Xtau,XN,Ztau,ZN,xx,yy,zz,fev
3.2600350172472963,0.3409306060481811,0.02184315502810741,1.8098447730195906,25.0,0.11286630326714592,10.0,-0.008381432084713645,0.0006513274969953409,-0.9563136899437914,28655
2.6940697085814875,0.3547959704837716,0.01779102828476975,2.7103403215721156,25.0,1.186249821440559,1.0,-0.009896053370169057,-0.0028179429643493473,-0.9644179434304535,26951
4.4448312576876745,0.3921369552829662,0.020938098448149534,2.865,25.0,0.5371875,25.0,-0.009567908592456573,0.010090347315392118,-0.9581238031036846,44634
3.954492824477989,0.3429540925950813,0.04188881044896453,1.675000014901161,25.0,0.3140625,13.0,-0.005945121436106954,0.0031495362433295697,-0.9162223791020743,27582
4.939825888321244,0.4337498481072027,0.02528805573184756,3.9393755053384343,25.0,0.7379554255640575,19.0,-0.0053462908374082825,-0.00869836469204039,-0.9494238885363506,27835
