Al,Ap,cost,Xtau,XN,Ztau,ZN,xx,yy,zz,fev
4.285145781451186,0.3319658663631647,0.07637111966210264,2.91033769594912,25.0,1.0918128265818663,1.0,-0.006453077567118066,-0.0053332589332471675,-0.8472577606758053,48682
0.8005596843411175,1.516283867964054,0.014535888883329684,2.4969334166694925,22.0,0.9377090086726493,22.0,-0.044833267916530695,0.06546813161652504,-0.9709282222333916,30888
4.725169610300021,0.3165384008998099,0.12293733190036527,4.023102337100133,25.0,1.7641002714997793,19.0,-0.004567477991013246,-0.008688185345658232,-0.7541253361993376,27870
0.8241303577995879,1.5808817345548152,0.010748740767453802,4.456887439371293,22.0,0.2699317259768776,4.0,-0.09859132798528122,-0.02707457889288851,-0.9785025184650843,34955
