Al,Ap,cost,Xtau,XN,Ztau,ZN,xx,yy,zz,fev
0.7231704283517432,1.8818659834191105,0.011544712012411584,4.513457840943642,10.0,1.9420924453877586,7.0,-0.09441625057810639,-0.0481935092120439,-0.9769105759751523,30311
4.611880302349922,0.3353538813802756,0.09558622530493976,4.07,25.0,0.2543750149011612,10.0,-0.005310994566632031,0.0012293159941645579,-0.8088275493901039,25145
2.9939772018100115,0.3227230204057611,0.015959947308764266,4.104334195874282,25.0,1.0251403413582971,7.0,-0.007616854952807982,-0.00785285753893698,-0.9680801053825078,44139
4.016997563931305,0.3927382596951862,0.012242323596941218,2.9940910407943484,25.0,0.7472350431553116,1.0,-0.004481643612416134,-0.016778034832168234,-0.9755153528061212,41664
