Al,Ap,cost,Xtau,XN,Ztau,ZN,xx,yy,zz,fev
1.8631037862686795,1.7431439212973752,0.01645862833986389,2.127818890529059,25.0,0.9355101824515686,1.0,-0.021119396067980023,-0.11722567353687957,-0.9670827433202672,53801
0.5446489601995402,0.7048448730514407,0.013910178526295502,1.5749999999999997,25.0,0.6890625149011612,4.0,-0.01879544001341849,0.016380556778129923,-0.9721796429474325,57200
