Al,Ap,cost,Xtau,XN,Ztau,ZN,xx,yy,zz,fev
4.960217760952212,0.4397690025405123,0.029237303744652388,3.930000014901161,25.0,0.245625,19.0,-0.00039308474991780855,0.0075296890832700185,-0.941525392510653,28658
3.454129182774507,0.3339446544456646,0.020759269356615873,1.7697401768932588,25.0,0.331441976389926,13.0,-0.007960147573278821,0.002007706487495396,-0.9584814612867837,29230
1.6701462782869851,1.6391863502692128,0.015853941423981444,4.831300737668878,10.0,1.4981333257347316,19.0,-0.11135602070878903,0.014291138861385739,-0.9682921171520051,38203
3.8605147221454863,0.31709163820531766,0.05878865342994244,1.6900000149011611,25.0,0.316875,10.0,-0.0036127830416118507,0.004519982254625927,-0.8824226931401183,29053
4.5482358562989615,0.39028568015479587,0.024834033999951988,4.094492106382559,25.0,0.25509098580233064,4.0,-0.00728876923280638,0.002840752877941225,-0.9503319320000746,26194
3.959793022189971,0.3328807506579525,0.0667753380194146,1.6749497923101406,25.0,0.20929133541806264,13.0,-0.005180797677413659,0.0017975959223910792,-0.8664493239611568,27119
4.241586209292896,0.396687233580577,0.01089965332057885,2.925000014901161,25.0,1.2796875,13.0,-0.001831334816805826,-0.022738433529522407,-0.9782006933588231,44488
2.0602905092330612,1.594043225553509,0.01036824458903396,2.0914418715685685,10.0,0.5061692436871522,13.0,-0.0782363344005877,0.0032929772431836675,-0.9792635108219337,35832
3.0726278825294244,0.821556750606335,0.011053252748831066,4.055045900468462,13.0,1.7999447105709683,4.0,-0.010435715171756295,0.004059660347710292,-0.9778934945023408,43791
