Al,Ap,cost,Xtau,XN,Ztau,ZN,xx,yy,zz,fev
3.527321805539638,0.32814751701781564,0.028402410573122983,1.7550000149011613,25.0,0.32906250000000004,13.0,-0.007306070903050929,0.0022359570981318813,-0.9431951788537569,28454
4.447440727501914,0.3779283672083017,0.03374600221837709,2.865,25.0,0.358125,1.0,-0.007770051695680147,0.0018793149705405854,-0.9325079955632369,47146
4.500045780818391,0.32766555695801747,0.09417803798859181,2.8499999999999996,25.0,0.3562500149011612,1.0,-0.005920388540851819,0.0013255304259682174,-0.8116439240228123,45859
4.143508599901938,0.3633577762470356,0.026854970098043385,2.954736335029635,25.0,0.3689355732838866,10.0,-0.00615664130562002,0.0052062119260239716,-0.9462900598039192,42376
4.966181016551055,0.4319726493582977,0.027916068964751184,3.92951944201147,25.0,0.24482404518384845,25.0,-0.004609535270004831,0.005864325230184313,-0.9441678620704926,28189
0.6949848326242397,1.6357183097637844,0.01487784154585814,2.5277970421416724,19.0,0.31805100137418957,10.0,-0.09697087276279859,-0.03651499130509926,-0.9702443169082641,29976
0.724047886488432,1.6600823029539342,0.010604595199735445,2.511405342451304,19.0,0.3131127465155562,10.0,-0.0966731062998149,-0.02594185283918944,-0.9787908096005337,28980
4.201136961090793,1.4254020084391343,0.012338507784505737,1.6252735853217652,25.0,0.40646170829677153,13.0,-0.02578857827083085,0.028788041980342384,-0.9753229844309597,35979
