Al,Ap,cost,Xtau,XN,Ztau,ZN,xx,yy,zz,fev
0.9494058292817628,0.525587493223854,0.01521374729268088,0.4944786617171368,10.0,0.031213800582431464,19.0,-0.02128478886084816,-0.0012288424848001661,-0.9695725054146183,38712
