Al,Ap,Xtau,XN,Ztau,ZN,fun,xx,yy,zz,fev,11
2.501044799353514,0.5301773160120724,2.7749999999999995,17.0,2.22,1.0,0.029716887496565415,-1.655926606434848e-10,-9.689359786044173e-10,0.9897121240137493,1315,shgo1
1.4445404144961143,1.1754240746229132,3.1738206042844284,9.0,2.3239666365674423,9.0,0.010506227639750123,7.339181345988877e-14,-4.3854080523236805e-15,0.9997942083270153,2965,shgo1
1.4100967293607902,0.7595655700046708,4.117229126834072,9.0,2.997204499809709,13.0,0.029281738630586772,2.9834572312648078e-12,4.9217140779544977e-14,0.9987520736961241,4580,shgo1
1.0242840641487458,0.6613656283926986,0.4760240822161569,11.0,0.3593919057323485,15.0,0.029489518105466666,-7.601169817379218e-09,-1.6064626989775732e-09,0.9984045025256496,2157,shgo1
4.713162643885738,0.6651013570559228,4.025,17.0,2.6162500000000004,13.0,0.019119746707894094,8.616891388792125e-10,-3.697169781153968e-12,0.998111330614006,3407,shgo1
2.346027283461923,0.9237411491061519,2.832113616906511,9.0,2.216282791887342,1.0,0.030198439929492248,3.520385949981955e-10,1.7594030746193035e-09,0.9988037452547585,1576,shgo1
2.6761641378837675,1.1225494085114005,4.243841831592564,9.0,2.4455761853658844,9.0,0.04261463099359573,3.733433701080813e-12,6.323632718537638e-12,0.9969691684276074,2383,shgo1
2.2298642216898816,1.7492158218297085,3.6548950452224127,9.0,2.6497700452224127,17.0,0.040438860567381385,2.9211899845132776e-10,-3.330286631859046e-10,0.9936025493285234,1904,shgo1
