Al,Ap,Xtau,XN,Ztau,ZN,fun,xx,yy,zz,fev,11
1.332413245790148,0.5039541998619027,0.45830023634864375,15.0,0.338955779093306,11.0,0.021200303691161364,4.4900819902438105e-09,2.334310175711174e-11,0.9991661181083646,1719,shgo1
1.3445356656727705,1.46288086439184,1.3645679814660099,7.0,0.8597770951899877,15.0,0.03123045357513308,1.191528681276921e-10,-1.8386334121878178e-14,0.9846129644049988,7072,shgo1
2.0065195690388187,1.248794870670076,3.791538755511268,9.0,2.734831807425714,9.0,0.011982489872350377,2.672868835984499e-10,1.0338548402794023e-09,0.9995095036518205,2548,shgo1
2.78592546170741,0.723755288120096,4.200562015516899,13.0,2.434582011413811,5.0,0.0250921234482773,-2.6570749940557636e-11,-4.917941054394248e-16,0.9988719723364351,4773,shgo1
1.6036823268243143,1.7914874995700327,1.3135078219052407,9.0,0.9674417833492862,5.0,0.0068648375478919605,4.342175490695821e-15,1.0230776642528028e-10,0.9985493865986997,10327,shgo1
0.784989612706565,0.9371427421860105,1.4950175671656172,7.0,0.9063064654897025,15.0,0.022411742187809836,1.5959455978986625e-16,1.0132766674331162e-10,0.9967607228173333,4688,shgo1
2.343507621628602,0.9136184298796864,2.8134194117203006,11.0,1.940333364138912,15.0,0.0257309502060462,5.415808107249345e-09,8.8327690669931e-09,0.99798482653717,1829,shgo1
