Al,Ap,Xtau,XN,Ztau,ZN,fun,xx,yy,zz,fev,11
1.2401931221869393,1.239350801399081,1.4145410937556768,17.0,1.124,5.0,0.04733658670201239,1.8313406346948113e-12,-1.4851835039575434e-13,0.9874078835775041,6488,shgo1
3.062037892138113,1.0801927458777372,4.050907570940746,9.0,2.6599008219998637,5.0,0.024227626708445582,1.4511762373503123e-12,1.1327704399488603e-11,0.9989101066527607,3417,shgo1
1.2651768674042017,0.9510956171277084,4.223595166842656,9.0,2.4093723017389332,9.0,0.03187531936747048,-1.475385230653714e-10,-5.320591645215089e-11,0.9970409501215153,5769,shgo1
4.396901382907303,1.3641802498357734,2.8631094874081167,9.0,2.0899468146683087,9.0,0.02843827228136947,1.9368570115807504e-11,1.777962898436014e-10,0.9982255176703183,3002,shgo1
1.1215942192177235,1.2541372972040692,1.4131479333432788,7.0,0.8582758329704365,15.0,0.015135132189219302,-3.795574965437254e-15,-5.394643065592675e-13,0.9968998318298831,4431,shgo1
2.929933867736275,0.5179694819616235,4.135706553333686,17.0,2.688766678333686,17.0,0.0246202704809301,5.3716576190387597e-11,1.349614864309956e-15,0.9977369662482708,2207,shgo1
1.1769587868849116,1.6956557501857912,3.2768823202712016,9.0,2.16019807491598,5.0,0.007379275770718164,9.46465128492946e-15,-7.806255641895632e-17,0.9997770244306923,13304,shgo1
1.2327496282810702,0.9941581622714021,4.209064847406965,9.0,2.463699032260544,5.0,0.03305547680741898,3.980705779653253e-12,1.5769278115481577e-10,0.9968692744675024,1481,shgo1
