Al,Ap,Xtau,XN,Ztau,ZN,fun,xx,yy,zz,fev,11
4.221287031136746,0.6592891207607138,2.931443334714074,17.0,2.1195533634499952,9.0,0.02968337403684002,2.5303082112210218e-12,1.986258379993444e-15,0.9950638231503649,2177,shgo1
2.085636620045063,0.9243106118595863,2.9330536258479003,9.0,2.2511625262540176,1.0,0.018505979448089432,-1.850437771760971e-12,4.925214749929019e-12,0.9987147922280588,3891,shgo1
4.248504175661068,1.4540355783105232,4.1975780339092275,9.0,3.056706834768064,9.0,0.040148914345906166,-2.6872850685422545e-10,-2.4645645649084766e-09,0.9970760045199089,2608,shgo1
1.1143721782561251,1.8061758481954044,3.301757883714038,9.0,2.417269449734308,9.0,0.008300042697416191,-2.654126918244515e-15,-9.604591427736509e-13,0.998724671470384,14046,shgo1
0.39740519093221455,0.4123474361406244,0.5293648311381928,15.0,0.3642302617012485,15.0,0.01935388423172527,1.4564798713877919e-08,6.980200792372493e-11,0.999225456240678,1527,shgo1
4.254302368341307,1.3355108683717198,4.200583108500004,9.0,3.052774315050476,9.0,0.03630985314637123,5.1648018311757225e-09,-1.7797677421453953e-09,0.9973687118283321,2515,shgo1
4.784206503576546,1.4162250021998084,2.760255167935026,9.0,2.208,9.0,0.047436936678188504,-2.8073648874332724e-11,-1.5318902396588285e-11,0.9966844796803489,3069,shgo1
0.6503682579453149,0.8604770596621794,1.5290407318794539,7.0,0.9267853268763812,15.0,0.02204226156205899,-4.7752269152767646e-11,-1.4354734024710214e-09,0.9978079708088059,4144,shgo1
