Al,Ap,Xtau,XN,Ztau,ZN,fun,xx,yy,zz,fev,11
3.723612953372546,1.7957936287292848,3.7432245058451246,9.0,2.441491948642948,13.0,0.008904977642404322,2.4615436685498926e-10,-1.3170823185554292e-08,0.9985620872797583,5005,shgo1
1.5543267736691868,0.9782798507972469,3.129866423576576,11.0,2.1243153948332036,15.0,0.018407221574206555,-1.4295856165524867e-14,-2.9450509392292545e-10,0.9949661002457232,4386,shgo1
4.6901581319037735,1.267491294119133,4.019165147518431,17.0,2.3210751108971026,13.0,0.021389882943994076,1.4086011828687668e-10,-2.9004576518332215e-15,0.9994801001487724,4053,shgo1
1.2180790815396603,0.369843140045655,0.475,17.0,0.30875,1.0,0.018099877245404405,-3.4906486598451116e-07,-1.1467741339865611e-10,0.998207449719119,1437,shgo1
2.059083907606735,0.4256410934696535,2.94000572301885,17.0,2.352,1.0,0.02714506527490978,-5.812088118455679e-10,3.290248954367081e-11,0.9910433962734806,1648,shgo1
1.8774929681502666,1.2101825168949152,3.8338767148703794,9.0,2.7733937592222193,13.0,0.02250180204969255,3.6355238264285106e-11,3.4759796603556214e-11,0.9990405807967913,5501,shgo1
