Case,Used Algorithm,"Theta, Phi",Target state Projection,Optimized state Projection,idden,Cost
Case1,Nelder-Mead,[1.92613244 2.2155086 ],"[(0.7493418360853743+0j), (0.5634257499326929+0j), (-0.3479055001074033-1.608902163095349e-17j)]","[(0.7493418360853745+0j), (0.563425749932693+0j), (-0.3479055001074031+2.730206060470277e-17j)]","[0.32604725-8.04451082e-18j 0.37467092-2.81712875e-01j
 0.37467092+2.81712875e-01j 0.67395275+8.04451082e-18j]",(2.967713498902959e-16+2.4348936603501737e-17j)
Case2,Nelder-Mead,[1.31541372 0.        ],"[(-0.6340142404459863+0j), (-0.730897592175918+0j), (0.25261562236557067+1.8885447994654575e-17j)]","[0j, (-0.9675667146697717+0j), (0.2526156223655706+0j)]","  (0, 0)	(0.6263078111827853+9.442723997327287e-18j)
  (0, 1)	(-0.31700712022299316+0.365448796087959j)
  (1, 0)	(-0.31700712022299316-0.365448796087959j)
  (1, 1)	(0.37369218881721467-9.442723997327286e-18j)",(0.6767468733805215+1.5491064694019745e-33j)
Case3,Nelder-Mead,[0.98636082 5.08333167],"[(-0.7772984141324465+0j), (-0.3023287133180109+0j), (0.5517286692665695+4.2473236079308965e-18j)]","[(-0.7772984141324465+0j), (-0.3023287133180109+0j), (0.5517286692665694-1.7104771830755264e-17j)]","[ 0.77586433+2.12366180e-18j -0.38864921+1.51164357e-01j
 -0.38864921-1.51164357e-01j  0.22413567-2.12366180e-18j]",(1.1102230246251546e-16+2.1352095438686122e-17j)
Case4,Nelder-Mead,[1.22908232 2.55762123],"[(0.5194639112075161+0j), (0.7860429809083256+0j), (0.3351024874836699-4.224332467172845e-18j)]","[(0.5194639112075164+5.551115123125783e-17j), (0.7860429809083256+0j), (0.3351024874836698+4.438441742935586e-18j)]","  (0, 0)	(0.6675512437418349-2.1121662335864228e-18j)
  (0, 1)	(0.25973195560375806-0.3930214904541628j)
  (1, 0)	(0.25973195560375806+0.3930214904541628j)
  (1, 1)	(0.33244875625816506+2.112166233586422e-18j)",(3.5015501257872464e-16+5.005544886682886e-17j)
Case5,Nelder-Mead,[0.53872425 4.43759842],"[(-0.49379308874639766-1.3877787807814457e-17j), (0.1392113912158089+0j), (0.8583638937315872-7.284009163294657e-18j)]","[(-0.49379308874639766+1.3877787807814457e-17j), (0.13921139121580883+0j), (0.8583638937315872+9.171288860810566e-18j)]","  (0, 0)	(0.9291819468657936-3.642004581647328e-18j)
  (0, 1)	(-0.24689654437319883-0.06960569560790446j)
  (1, 0)	(-0.24689654437319883+0.06960569560790444j)
  (1, 1)	(0.07081805313420646+3.642004581647328e-18j)",(4.5170112908897644e-17+0j)
