Case,Used Algorithm,"Theta, Phi",Projection,Projection,Cost
Case1,Powell,[2.50667184 0.70607993],"[(0.38484538358262144+0j), (-0.45130694745820454+0j), (-0.8051186682167434-6.758618090753219e-18j)]","[(0.3848453835826212+0j), (-0.4513069476357265+0j), (-0.8051186681172341-1.8308477407943376e-17j)]",(2.0350955378648338e-10-5.647490623272993e-18j)
