Case,"Theta, Phi",2,3,4,5,6,7,8,9
Case1,[1.47451111 0.48517941],0.5480682575646685,-2.128119955894109e-18,0.23210346499957288,0.44024700356718915,0.23210346499957288,-0.44024700356718915,0.45193174243533146,2.1281199558941105e-18
Case2,[1.90662664 5.20332715],0.33522339373506754,-1.6951689738322014e-18,-0.41631293638066497,0.22255832725359848,-0.41631293638066497,-0.22255832725359848,0.6647766062649325,1.6951689738322014e-18
Case3,[0.84385979 1.80474622],0.8322918473988772,5.0659500488328154e-18,0.3634292348738992,-0.08661015755217996,0.3634292348738992,0.08661015755217996,0.16770815260112273,-5.065950048832816e-18
Case4,[1.30045819 5.81457241],0.6335286549003161,-3.4187864928253997e-18,-0.21762277663914217,0.4298958308804382,-0.21762277663914217,-0.4298958308804382,0.3664713450996839,3.4187864928253997e-18
Case5,[2.57594907 0.66072163],0.07787807940129382,-4.89424699031937e-19,0.16445555713886842,0.21158320792587482,0.16445555713886842,-0.2115832079258748,0.9221219205987061,4.894246990319386e-19
