Case,"Theta, Phi, time",00R,00I,01R,01I,10R,10I,11R,11I
Case1,[0.         0.69311949 0.00219342],0.9229982844693648,-1.0560047793674925e-18,-0.1739711317289691,-0.20200617975922386,-0.1739711317289691,0.20200617975922386,0.07700171553063503,1.0560047793674921e-18
Case2,[1.63473391e+00 2.58485332e+00 1.82379155e-03],0.46805298677336893,3.633571056555565e-18,0.14653866858655862,-0.4769756880122677,0.14653866858655856,0.4769756880122678,0.531947013226631,-3.6335710565555676e-18
Case3,[2.04135065e+00 0.00000000e+00 8.70487585e-16],0.2733097847958133,-3.1906707440334925e-18,-0.15227238848340222,0.41883727870885534,-0.15227238848340222,-0.41883727870885534,0.7266902152041866,3.1906707440334913e-18
Case4,[0.00000000e+00 2.67101533e+00 2.11111111e-03],0.9793999088689802,2.575646512275073e-19,-0.04239993440702388,0.1355653825233177,-0.04239993440702388,-0.1355653825233177,0.0206000911310197,-2.5756465122750587e-19
Case5,[0.00000000e+00 5.08125742e+00 3.98379630e-03],0.9031271203182623,2.579725989463185e-18,-0.21753547151834604,-0.20041667469348984,-0.21753547151834604,0.20041667469348984,0.0968728796817377,-2.5797259894631882e-18
