Case,Used Algorithm,"Theta, Phi",Target state Projection,Optimized state Projection,idden,Cost
Case1,Nelder-Mead,[1.65001478 3.31346595],"[(-0.17049197301330787+0j), (0.9821761761412605+0j), (-0.07913561877284692-5.9739032308460264e-18j)]","[(-0.17049197301330776+0j), (0.9821761761412604+0j), (-0.07913561877284686-1.3346069635638416e-18j)]","  (0, 0)	(0.46043219061357654-2.986951615423013e-18j)
  (0, 1)	(-0.08524598650665394-0.49108808807063026j)
  (1, 0)	(-0.08524598650665394+0.49108808807063026j)
  (1, 1)	(0.5395678093864235+2.9869516154230136e-18j)",(1.664760079778576e-16+1.5469657149273101e-18j)
Case2,Nelder-Mead,[0.82543005 5.87246119],"[(-0.2934018245806427-5.551115123125783e-17j), (-0.6737243512650373+0j), (0.6782410101470232+7.924591037096904e-18j)]","[(-0.2934018245806424+0j), (-0.6737243512650374+0j), (0.678241010147023+4.507080816684184e-18j)]","  (0, 0)	(0.8391205050735115+3.962295518548452e-18j)
  (0, 1)	(-0.14670091229032134+0.3368621756325186j)
  (1, 0)	(-0.14670091229032134-0.33686217563251863j)
  (1, 1)	(0.16087949492648837-3.9622955185484525e-18j)",(3.7077601509168764e-16+4.3601200195808745e-17j)
Case3,Nelder-Mead,[0.4569217  2.60050272],"[(0.22724277794247794+0j), (0.3781630592334959+0j), (0.8974148541806901+3.052253621539844e-19j)]","[(0.22724277794247777+0j), (0.3781630592334959+0j), (0.8974148541806901+8.614577187360131e-18j)]","  (0, 0)	(0.9487074270903451+1.526126810769923e-19j)
  (0, 1)	(0.11362138897123897-0.18908152961674796j)
  (1, 0)	(0.11362138897123897+0.18908152961674796j)
  (1, 1)	(0.05129257290965499-1.526126810769921e-19j)",(1.6632602283293237e-16+0j)
Case4,Nelder-Mead,[0.70127236 1.93377896],"[(0.6031509814160974+0j), (0.2290839172505059+0j), (0.7640218926666711+2.753737369914861e-18j)]","[(0.6031509814160974+0j), (0.2290839172505059+0j), (0.764021892666671+1.734416616064113e-17j)]","[0.88201095+1.37686868e-18j 0.30157549-1.14541959e-01j
 0.30157549+1.14541959e-01j 0.11798905-1.37686868e-18j]",(1.1102230246251559e-16-1.459042879072626e-17j)
Case5,Nelder-Mead,[0.         2.42860079],"[(-0.5006783181192034-1.3010426069826053e-18j), (-0.0030362246377204053+0j), (0.8656280974559889-9.516424267172172e-20j)]","[0j, 0j, (1+2.712912640400773e-17j)]","  (0, 0)	(0.9328140487279944-4.75821213358608e-20j)
  (0, 1)	(-0.2503391590596017+0.001518112318860202j)
  (1, 0)	(-0.2503391590596017-0.0015181123188602033j)
  (1, 1)	(0.06718595127200552+4.758212133586092e-20j)",(0.5184050588950904+8.31315875477027e-18j)
