Case,Used Algorithm,"Theta, Phi",Projection,Projection,Cost
Case1,Powell,[1.44437994 3.96627622],"[(-0.7284731158230537+0j), (0.6733726812619674+0j), (0.12607994151775576+1.2083467332244297e-18j)]","[(-0.7284731149416336+0j), (0.6733726822155119+0j), (0.12607994151775598+1.796490374417227e-17j)]",(1.298517907639563e-09+2.865345991387334e-24j)
