Case,"Theta, Phi",00R,00I,01R,01I,10R,10I,11R,11I
Case1,[2.45436926 5.39961237],0.11050866291294358,2.3247037420635618e-18,-0.2459160764780464,0.19447822927973352,-0.2459160764780464,-0.19447822927973354,0.8894913370870563,-2.3247037420635618e-18
