Case,"Theta, Phi",00R,00I,01R,01I,10R,10I,11R,11I
Case1,[0.54387002 3.20468671],0.9278562744461509,-3.622507070409103e-18,-0.01631322733360479,-0.25821093514997034,-0.016313227333604793,0.25821093514997034,0.07214372555384915,3.6225070704091055e-18
Case2,[0.6853215  4.95287695],0.8871078025633605,8.811889302095555e-20,-0.3073538202269577,0.07537359210268084,-0.3073538202269577,-0.07537359210268085,0.11289219743663952,-8.811889302095601e-20
Case3,[0.33681087 0.        ],0.8361291026621966,-8.462576498568359e-20,-0.33122977021189165,0.16523941923428506,-0.33122977021189165,-0.16523941923428506,0.16387089733780325,8.462576498568353e-20
Case4,[1.02248879 3.01392048],0.7606218090777147,-9.813543302349241e-18,0.05433034140494407,-0.42323100859445717,0.054330341404944055,0.42323100859445717,0.23937819092228532,9.813543302349241e-18
Case5,[1.98640527 0.81148818],0.29812644739647015,-5.153483219010435e-18,0.3317835377708507,0.3149075305918998,0.3317835377708507,-0.3149075305918998,0.7018735526035298,5.153483219010434e-18
