Al,Ap,cost,Xtau,XN,Ztau,ZN,xx,yy,zz,fev
4.368865385285134,0.4030502129504918,0.011721823045591329,2.885136112100534,25.0,0.3608518286656211,19.0,-0.005335446084004945,0.006236623277926425,-0.976556353908829,49482
0.7395161406987364,1.2909144703146678,0.011141958674225516,2.52933220818826,22.0,0.9492996960161881,22.0,-0.04741078360103354,0.052731622513894495,-0.9777160826515406,30064
1.6055185128506817,1.2497326868411205,0.016094850646855452,4.874231535448927,10.0,1.8438042695321388,10.0,0.07113333265521993,0.09020497739925937,-0.9678102987062825,36506
4.368084297721672,0.3750580757266453,0.036644963555409915,2.885422518461758,25.0,0.36132919743626296,19.0,-0.004455033709747631,0.006124826301907908,-0.9267100728891526,50218
