Al,Ap,cost,Xtau,XN,Ztau,ZN,xx,yy,zz,fev
0.6991565683429283,1.6802398856039318,0.019251964321601145,2.5241439766051883,19.0,0.31787546137895867,10.0,-0.09873554109992433,-0.03778708844544351,-0.9614960713567913,29468
4.497349573631678,0.3953165743276043,0.02062904834223611,2.8496490718602856,25.0,1.2468176006136005,13.0,-0.003658104288833286,-0.01876461727168837,-0.9587419033155369,44221
3.591152761930896,0.3198802366349304,0.03518670852762229,1.740524345146045,25.0,0.32712390857674206,10.0,-0.0050918162834782624,0.004316565509181587,-0.9296265829447306,29883
