Al,Ap,cost,Xtau,XN,Ztau,ZN,xx,yy,zz,fev
0.9651370073576772,1.1915303479141093,0.011246366016013143,4.403902447441636,10.0,1.360707861424333,19.0,-0.08806147227879178,0.01610106400375117,-0.9775072679679871,35744
0.40105952285851015,1.4197621444312043,0.019393464384593995,4.798363468006482,7.0,1.4939274499268806,19.0,-0.057647111167617296,-0.0192419837319941,-0.9612130712308243,31633
0.7851036396252927,1.726905728414529,0.013649100483067222,4.47213106480265,22.0,0.2725093547142545,4.0,-0.11024402351362865,-0.03247273035302938,-0.9727017990338584,34608
1.753221693646581,1.6598443856843657,0.010668589697605979,2.1640299050648686,10.0,0.2731049806815939,10.0,-0.08455114248792907,-0.030016167380773118,-0.978662820604768,28499
0.9504856178992427,1.8626078040224567,0.012676788503147796,2.4272596953194454,10.0,1.060658398592773,16.0,-0.05136718634050641,-0.05713384767298352,-0.9746464229937026,30306
4.5875871167860565,0.32895721884275847,0.10281492801698833,4.0795309920980936,25.0,1.2742183350646503,19.0,-0.006101021336923751,0.006619249338345082,-0.7943701439660218,26008
