Al,Ap,cost,Xtau,XN,Ztau,ZN,xx,yy,zz,fev
3.0103337680899385,0.3256051353652961,0.018932934126736467,4.094999999999999,25.0,1.535625,19.0,0.0035700289243244306,0.03134270214516152,-0.9621341317465415,48411
0.7188094446971534,1.6776213099166128,0.01122569093693182,2.5137735186378025,19.0,0.3143871704336216,10.0,-0.09788130328089167,-0.029901142499003504,-0.9775486181261543,31006
4.813769570464054,0.4863073843042782,0.012291398417995092,3.985,25.0,0.2490625,13.0,0.00026755185805451154,0.006222913228107051,-0.9754172031640224,27338
3.9205417190752434,0.32990636909707916,0.0568085771570459,1.67991450906955,25.0,0.10484104286235595,1.0,-0.003970100844014918,0.0037609237976550525,-0.8863828456858813,28216
