Al,Ap,cost,Xtau,XN,Ztau,ZN,xx,yy,zz,fev
0.8646534777782479,1.7068792792148453,0.020472848116087294,2.4685336515896172,10.0,0.999375,1.0,-0.03416623917257933,-0.04171815504127271,-0.9590543037678186,28269
0.44995521242824127,1.547278205430365,0.01496464172661538,4.745874147687895,10.0,1.1188156378533467,1.0,-0.05212900146889222,-0.05440881847815876,-0.9700707165467727,29993
4.21299516225897,0.3875685418698607,0.023332907351756527,2.9349999999999996,25.0,0.5503125149011612,19.0,-0.008518860676492407,0.004060562923195819,-0.95333418529647,45460
4.281197109739689,0.3513153300228504,0.06624222820566839,2.915,25.0,1.4574999850988388,16.0,-0.0052869063540053815,7.247475648767404e-05,-0.867515543588662,48437
4.934610840656128,0.3482435657678416,0.11207400119185962,3.9421444765346014,25.0,1.9667145255123686,19.0,-0.00321250420087393,0.007161389763802796,-0.7758519976162669,27907
4.920832235985201,0.46230320676655884,0.012271996532774332,3.945,25.0,0.24656250000000002,19.0,-0.0010753139967131509,0.008424433506766311,-0.9754560069344623,27674
3.788207631392114,0.350227441385535,0.03213577398615086,1.7055002523328378,25.0,0.7467712538880626,1.0,-0.0025230954010862193,-0.01666837670931151,-0.9357284520276923,27501
