Al,Ap,cost,Xtau,XN,Ztau,ZN,xx,yy,zz,fev
4.280254936126279,0.32090000050630846,0.09736230799323531,2.915,25.0,0.5465625149011613,19.0,-0.006109838069139239,0.0028098403315231155,-0.8052753840135521,48876
0.38812466832792736,1.28501555878945,0.010149327092038862,4.810829417884891,25.0,0.29915824444285916,22.0,-0.0886258177982851,-0.03689785513429966,-0.9797013458159325,34998
4.102910357523583,0.3704184548740355,0.04709730039124005,2.9696257150030343,25.0,1.4843762065728854,10.0,-0.005146748056975858,0.00015312062695396061,-0.905805399217515,44289
4.488231626291848,0.35928726064539723,0.058109330457934094,4.1192239342754755,25.0,0.7715044761451882,19.0,-0.007041648833855476,-0.009874504537282836,-0.8837813390841619,28657
0.7515910870270599,1.3353621056108274,0.011795709775941687,2.522800769026219,22.0,0.9469097546408433,22.0,-0.048253757188859145,0.05512939414344336,-0.9764085804481147,30726
0.7126157447387637,1.616603530582887,0.013983215588507347,2.5249823914034053,19.0,0.16187655465569772,4.0,-0.10809828086511072,-0.04436814453261186,-0.9720335688229942,31844
2.8261633532192687,1.1936245203443268,0.014812352577563304,1.898734163559353,7.0,0.35122347213945193,10.0,-0.038129612492303414,0.0011358039778133107,-0.9703752948448511,30689
