Al,Ap,cost,Xtau,XN,Ztau,ZN,xx,yy,zz,fev
0.7703372891520837,1.78500354190912,0.014945568298542544,4.4773671146300895,22.0,0.2735426078385375,4.0,-0.11498369917962463,-0.03475628883156819,-0.9701088634029024,34087
4.781312889226007,0.39092153776143357,0.04726403352196562,4.0,25.0,1.25,22.0,-0.0006689582719597812,0.01262916190114858,-0.9054719329560875,26138
2.841577363855726,1.6487105545216771,0.010513955425703658,4.902116388644509,22.0,1.834779786498983,13.0,-0.06489092190509702,-0.006000187245491454,-0.9789720891485495,22896
0.40469352288026866,1.3480014927941992,0.010405063913658252,4.800736471986196,22.0,2.3432610240640956,1.0,-0.10142051827700586,-0.0007180090384724467,-0.9791898721726653,31943
3.7368194111890576,0.3626125340261033,0.010823349839974239,1.7149623367795792,25.0,0.3214997428671269,13.0,-0.00779441305381583,0.0031252940632290043,-0.9783533003200181,26073
