Al,Ap,cost,Xtau,XN,Ztau,ZN,xx,yy,zz,fev
0.3915442478617939,1.6690723314499185,0.014141171959522914,4.7829180146446815,7.0,1.1234897882143837,1.0,-0.05678691478250635,-0.05211353714229082,-0.9717176560809533,32715
4.202442529560261,0.3461046128390485,0.056827561503694834,2.9352750264164933,25.0,1.101083352525554,1.0,-0.006661259230372828,-0.005501834302363208,-0.8863448769925726,45852
4.217632940032322,0.352287039205962,0.08563593770108013,2.9349999999999996,25.0,2.935e-20,13.0,-0.004789425139202254,-1.3877787807814457e-17,-0.8287281245978291,46997
3.26339114850082,0.328162781128534,0.03436953044378721,3.975429670780193,25.0,1.2429036179669877,10.0,-0.008438988810055413,-0.007458337943407171,-0.9312609391124476,50832
