Al,Ap,cost,Xtau,XN,Ztau,ZN,xx,yy,zz,fev
4.528077846839555,0.4041269540697179,0.017524387680125875,2.8402087234856466,25.0,0.710347847640809,13.0,-0.007957816873618045,-0.019339947183841973,-0.9649512246397198,44862
3.9285744367872053,0.33463269024197273,0.04646136041908189,1.6799999999999997,25.0,0.315,13.0,-0.006202225886394014,0.0031935620743175214,-0.9070772791618353,26260
1.8877731495362926,1.8076568534380282,0.013100022682633994,2.1327045626817824,10.0,0.5169038744903898,13.0,-0.09377520801391354,0.005055643804266874,-0.9737999546347244,28988
2.7167393589572026,1.2717323100223605,0.010747028775082379,2.69172663721576,7.0,0.5003697221071368,4.0,-0.04588352476284088,0.004222983317840626,-0.9785059424498371,27131
0.5761289649562353,0.9292023527759617,0.010236531812582883,2.6105912038449453,7.0,0.645685634201462,13.0,-0.05015372799233303,-0.009462425049916033,-0.9795269363748346,37748
2.844469230059476,0.35128806541195357,0.016411907117532154,4.175000014901161,25.0,2.0875,1.0,-0.010902882186126825,-0.0007485097216936871,-0.9671761857649355,50604
