fun,nit,nfev,status,success,message,x,final_simplex
2.360445660927656,1,3,0,True,Optimization terminated successfully.,[0.13083416 2.4008284 ],"(array([[0.13083416, 2.4008284 ],
       [0.13737587, 2.28650324],
       [0.13083416, 2.28650324]]), array([2.36044566, 2.3812893 , 2.38152552]))"
2.360445660927656,1,3,0,True,Optimization terminated successfully.,[0.13083416 2.4008284 ],"(array([[0.13083416, 2.4008284 ],
       [0.13737587, 2.28650324],
       [0.13083416, 2.28650324]]), array([2.36044566, 2.3812893 , 2.38152552]))"
2.360445660927656,1,3,0,True,Optimization terminated successfully.,[0.13083416 2.4008284 ],"(array([[0.13083416, 2.4008284 ],
       [0.13737587, 2.28650324],
       [0.13083416, 2.28650324]]), array([2.36044566, 2.3812893 , 2.38152552]))"
