Al,Ap,Xtau,XN,Ztau,ZN,fun,xx,yy,zz,fev,11
3.597930418596776,0.8174459861574791,1.7332746433875563,13.0,0.7483782744796617,13.0,0.01698729487552763,0.046685040767308464,0.21158232199499355,0.9993419921007051,1332,shgo2
1.8305105694643373,1.2235796253867006,3.8903411264908625,9.0,1.4261847590562973,1.0,0.05148499951507769,0.04233649694132336,0.091788092706472,0.99476193531818,180,shgo4
1.496257835048846,0.6057899139316038,4.077073095018245,9.0,3.2627775318608445,9.0,0.07543332402539328,0.021630562574424205,0.042940505014578065,0.948704489457002,315,shgo7
1.1368989559054827,1.6690102037572223,3.2988368324058737,9.0,0.1777484021951512,17.0,0.025548510711987993,0.1084448428898254,0.22903106951524957,0.9949392924640179,222,shgo
1.7978566104481475,1.524469408095127,2.1463707548817736,5.0,1.1922381562059063,5.0,0.5310739766759052,0.22952650497626023,0.09412348784630262,0.9595126589533989,245,shgo7
