Al,Ap,Xtau,XN,Ztau,ZN,fun,xx,yy,zz,fev,11
4.177365249420169,0.6327407779413174,2.9470457935495573,17.0,0.15295121678817028,1.0,0.02320018537469124,0.024963186489879524,0.021564272826104722,0.9778218959100374,154,shgo
4.774569612040449,1.3714293080221973,2.7712634043641917,9.0,2.2005855368775427,9.0,0.025351750930510446,0.04921156112116376,0.023175597643933628,0.9972792391428655,293,shgo
0.3422744451945931,0.8756390364144291,4.872145656263585,9.0,3.904,9.0,0.05449598030638837,0.09160534146229883,0.06311009722455442,0.9906689328736252,202,shgo7
2.4534738082548166,1.7412019702840777,4.330570849366896,9.0,0.23107836099352375,9.0,0.08861064030731935,0.08674154483632315,0.007883955674547702,0.9801168134957122,223,shgo-fail
2.7373761744725473,1.0380348945326194,4.214672885984049,9.0,0.211,9.0,0.03480372578533595,0.03391035726170996,0.011109067885287996,0.9962178754480523,248,shgo
