Al,Ap,Xtau,XN,Ztau,ZN,fun,xx,yy,zz,fev,11
2.7350381769254284,0.33759983773751423,4.235,17.0,1.7998750000000003,1.0,0.36124562569168844,0.007353453941332216,0.002490155963754858,0.6477713226875392,120,fail
0.7844955488030882,1.677592147021037,4.463907744266385,9.0,2.056165770021587,1.0,0.054157027049028576,0.16665504477466342,0.044481136805271514,0.9920596143005228,211,fail
3.0636563420957716,1.2788704920768597,0.3792224017121216,15.0,0.2683760885222253,7.0,0.04838930026632281,0.04855524855114642,0.0010969638578858854,0.9960329732795621,1817,shgo2
2.3896505265512955,0.8252116607106662,2.809019039601014,9.0,0.14050000000000035,5.0,0.050971471564360764,0.03765037940688239,0.06650342266040926,0.9750616847463655,2447,shgo6
1.3717675404568654,0.8125871736412147,0.45378220522562907,9.0,0.20240288933588924,9.0,0.03466370684628781,0.032194819061883304,0.00022970073355713105,0.9979250879523784,137,shgo1
