Al,Ap,Xtau,XN,Ztau,ZN,fun,xx,yy,zz,fev,11
3.899759816367613,1.193405532304374,1.687829320589456,15.0,0.29589465598347825,15.0,0.011968930722072033,0.04963191432627701,0.055622790407872,0.9991741961375898,1426,shgo2
4.909613823086147,0.5040076416163508,3.9507137779136325,17.0,0.9363405552159183,9.0,0.19074408794965306,0.010816642158746503,0.07157163023864005,0.8169446081092534,1396,fail
1.9152945276762978,1.2182421418502036,3.815032548561136,9.0,0.20379371648325345,13.0,0.01275126693627969,0.05002322957789564,0.09173534338976164,0.9996029402234088,3319,shgo2
1.5489694820382256,1.4047095617332634,4.901500016854197,9.0,2.1017775154939966,13.0,0.07239436762060533,0.07860294701593812,0.02747921759399339,0.9911467631343441,1902,shgo4
2.2960783298472807,0.5135032884008528,2.843820170887133,17.0,1.2143956854694227,9.0,0.030112643901598724,0.02379637595380158,0.016457771821454942,0.9929527815142961,161,shgo1
