Al,Ap,Xtau,XN,Ztau,ZN,fun,xx,yy,zz,fev,11
4.394101532497198,1.0217507226327716,2.8699006861624077,13.0,1.2287570165791646,13.0,0.030126708745015426,0.05119298328599495,0.02897584039606102,0.9951933430322724,2007,shgo2
2.3150730330375398,0.4947878125633844,2.8379223795924897,17.0,1.2094006112789202,9.0,0.03807450114703807,0.017440632396964667,0.015373744241232196,0.9896290585899833,152,shgo1
1.6264874961080464,0.45687916597306744,4.001692558624933,17.0,1.7766124165012924,1.0,0.0420584593192458,0.007895675071366293,0.010356182232098422,0.997886357395319,218,shgo1
4.257267724348515,1.4161804708925636,2.9014902296891374,9.0,1.3146882500141808,1.0,0.02278334179830425,0.026460219534085224,0.044974899700217605,0.9982329461205025,170,shgo1
0.5817385713558623,1.2614786808508502,3.61271777947737,9.0,0.2082448269859237,5.0,0.04575438051108309,0.11481150155435281,0.20415465516250764,0.9697755420969185,5527,shgo2
