Al,Ap,Xtau,XN,Ztau,ZN,fun,xx,yy,zz,fev,11
3.2175420063781144,0.4722513254849692,3.995,17.0,3.196,1.0,0.12706945189867455,0.009430804865328407,0.01646568530846574,0.8852252114875686,186,fail
3.3244944505286815,0.7918271324612025,1.7870647263592452,13.0,0.4310506416709731,5.0,0.01955549148391584,0.021265520734852432,0.011729974195016285,0.9992753051550057,1183,shgo2
0.5720937576082336,0.4066849773108459,0.5211260414754796,13.0,0.22298382299491776,9.0,0.018780275335087995,0.018875335637237436,0.0001962181848740377,0.9993660614867069,1437,shgo2
4.765368351119416,0.6860034856662398,4.005,17.0,1.702125,9.0,0.04334002536567351,0.00946880993277404,0.012303244594813835,0.980191112804656,102,shgo1
3.8156603031389813,1.4981932747088664,0.33743840378076984,9.0,0.272,1.0,0.060412637817120945,0.052877212956454464,0.0013112346655741458,0.9958362291724631,124,fail
