Al,Ap,cost,Xtau,XN,Ztau,ZN,xx,yy,zz,fev
3.132096722053245,1.6250418249425185,0.003760576030388707,2.5607663032123797,10.0,0.7368306244898034,1.0,0.009447184116790236,-0.058975080781335246,-0.9924788479392174,26854
3.922303380235337,0.5139212934082981,0.007077022952014733,1.678835351691664,19.0,0.10983583623529329,4.0,-0.006858278110521262,0.006359708407767594,-0.9858459540959565,27601
3.190806645180332,0.8212508887044001,0.007538771877771744,4.007615876331141,13.0,1.7394336502735,4.0,-0.01567479659323235,0.004027041298742042,-0.9849224562444755,42162
3.4858877182614236,1.4842110215139857,0.009917321349204089,3.8556890399207036,7.0,0.9684326901250399,7.0,-0.02065990720155935,-0.01885352543878368,-0.9801653573015991,42670
1.8119260784484303,1.8799437088585578,0.009642387210016423,2.150666187444095,10.0,0.6574214820438391,13.0,-0.09604957220569058,6.192721784483183e-05,-0.9807152255799587,30553
1.1601763999119716,1.077199159415525,0.005698538611022541,1.4174535139329507,8.5,0.03218757089002107,20.5,0.004396142441286275,0.03822182259099699,-0.9886029227779641,25468
4.45372546136961,1.8344852273370313,0.008073909780200728,0.31499999999999995,8.5,0.006489013473075655,14.5,-0.05311720026330259,-0.006419541839996651,-0.9838521804395982,34290
3.3136790741283924,0.410355172523986,0.0038216279269219777,1.79653850809584,22.0,0.21991368300148295,7.0,-0.009594858853185067,0.0025186468328706538,-0.9923567441461393,29938
1.8395341451170881,1.853642999179786,0.00937978550617935,2.1351346939138818,8.5,0.2627482188885022,20.5,-0.08774603329594216,-0.025592642411770693,-0.9812404289876295,28696
