Al,Ap,fun,Xtau,XN,Ztau,ZN,xx,yy,zz,fev
3.2292433621298176,1.5575367382901275,0.004811152305592592,0.3606808469415512,7.0,0.09113474490258543,13.0,-0.051005148656727034,-0.0060077385896198715,-0.9903776953888067,2342
2.9746312545789855,0.8614247313366086,0.0034911828683111823,4.105,10.0,0.0488154413222199,10.0,-0.020762233526480937,0.0047388881968804825,-0.993017634263383,2098
0.36930998249018937,1.759861131811496,0.007761335475175768,4.7923950571939535,7.0,1.1084208170752463,1.0,-0.06353847976350421,-0.04298911015672652,-0.9844773290496512,2715
