Al,Ap,Xtau,XN,Ztau,ZN,fun,xx,yy,zz,fev,11
1.8595895009876628,1.2198457239848084,3.8425934423489037,8.0,0.29921954131868067,7.0,0.005653862108842199,0.4964799625303646,0.45483476972004155,0.9992890794030806,14425,differential_evolution
1.132963570571174,1.4201023597778548,3.3146042444002073,13.0,0.7665951296744509,13.0,0.007264097086049918,0.11073472745426366,0.23384749155489648,0.9944640907432947,2367,shgo
1.3460598972347313,1.166896083787767,3.2412305127619003,17.0,0.7420773123370739,5.0,0.007231631179458871,0.09166982688344502,0.20315040066755743,0.9986397161971976,2085,shgo
1.727629774343682,0.4217697384266841,3.949969034595917,17.0,3.159922586489793,9.0,0.00859258542219028,0.010429524765913384,0.03566027021080381,0.9976577599600779,2089,shgo
4.088614568522173,0.9881209969209193,2.960134593203646,13.0,1.3534846329899985,1.0,0.010672999896054488,0.019289452595924045,0.03946049511689734,0.9981437680538622,1448,shgo
