Al,Ap,Xtau,XN,Ztau,ZN,fun,xx,yy,zz,fev,11
2.13260657481788,0.8728779653808829,2.9135103093449284,9.0,2.2667544774034423,1.0,0.022926997902766616,0.0434894863661265,0.0451918598271853,0.9981542533189345,134,shgo1
3.544871055080544,0.7569239672439735,1.7453438814087654,13.0,1.0852618066930055,9.0,0.017317920597777793,0.0662376987454007,0.14125338598092643,0.9991404027094337,1443,shgo2
4.854913023885953,0.6806992311024268,3.97,17.0,3.176,17.0,0.03262333478156131,0.00771280038645146,0.01403278720688668,0.9878913938139219,102,shgo1
4.152362499160317,1.0855778734827766,2.950142312790305,9.0,2.350421385256348,9.0,0.06293895548882203,0.024214450935782908,0.043133334407676256,0.9711604172942647,1617,shgo4
3.528483246840544,1.069090181765236,1.7445714397187932,9.0,1.0745724364464941,13.0,0.02409832019708616,0.050809452496366224,0.028795426092124356,0.9978357793740665,1366,shgo2
