Al,Ap,Xtau,XN,Ztau,ZN,fun,xx,yy,zz,fev,11
2.7019655666393927,1.7359612167007006,4.98511604041774,17.0,2.118451441624572,9.0,0.16135099401037262,0.32204085875054955,0.44534363243442543,0.9431870002522692,129,fail
1.0221482308502023,1.337963994385972,4.345,17.0,3.476,9.0,0.3219488709282601,0.10699097511229325,0.07006843967521198,0.9311923284133261,142,fail
4.165270541045703,0.9390808952237182,2.939078313063812,13.0,1.8114778996555632,13.0,0.015138976701388201,0.04442752753288014,0.03672023189889537,0.9995597711534934,1937,shgo2
4.838175263004479,1.4393609993509207,3.958762640283076,9.0,0.2048009949632477,9.0,0.019048044739431013,0.021345714691405077,0.030836478533065564,0.9993220131732429,146,shgo1
2.0345963752786007,1.0285419867101249,0.43168538165526776,15.0,0.30383899134700815,7.0,0.04256720818324957,0.04265709164660459,0.0008975918866052732,0.9968862188188578,1765,shgo2
