Al,Ap,Xtau,XN,Ztau,ZN,fun,xx,yy,zz,fev,11
2.5235842500517145,0.697083577952059,2.771429510636796,17.0,2.0925004825238505,1.0,0.02117106957850217,0.03463558343335091,0.005596339509745876,0.9989157634605439,169,shgo1
2.2806906303032184,0.7456670543088553,2.8583107102287584,13.0,0.5552845840590468,1.0,0.0157623318548672,0.03747570480709493,0.06600472218360692,0.9962811564701964,1865,shgo2
4.623695962687695,1.8038534980636458,1.5614948507015374,17.0,1.2277628732461563,1.0,0.054824177644481914,0.21322116169824062,0.06456127527466804,0.9861847877888875,274,shgo6
4.976347257178233,1.1989052906079207,3.923901646096826,13.0,1.652332165789301,5.0,0.04230608341082016,0.04199060553010478,0.18010485854264413,0.9976265120033415,1589,shgo2
4.050680469916053,0.9336346832782102,2.974557166652175,13.0,0.7277788031282107,5.0,0.013615683230827626,0.03562068635165532,0.04047698696327367,0.9996906175466321,1760,shgo2
3.561720078583918,0.7531052830925153,1.742235099258002,13.0,1.0720316874797318,13.0,0.017191239846562106,0.02295947856683829,0.0840140645637957,0.9988203290557536,1221,shgo2
0.826211669473583,0.31922629721245893,0.504859148406789,17.0,0.4036478710169725,17.0,0.017823061355475824,0.013665963952786589,1.5348604182986725e-05,0.9963000593048037,121,shgo1
2.578680972067207,1.2101081424175564,1.9444063786429302,9.0,0.47857340631342704,9.0,0.04854821151958424,0.08225580398137552,0.10060671840665192,0.9958561111293794,1364,shgo2
