Al,Ap,Xtau,XN,Ztau,ZN,fun,xx,yy,zz,fev,11
2.4430485843314087,1.1023212064393983,2.7769437929246408,9.0,1.194092721230689,9.0,0.04972922614611292,0.05365664919772811,0.015833061345017316,0.992658534667042,142,shgo1
2.6729441482662755,1.881150862554774,4.997883299277536,17.0,2.1247241339060032,9.0,0.08487110907081724,0.30997139407563123,0.4595241784610018,0.9907606878802927,185,fail
1.3976273705603794,1.264019688460221,3.1909705424420154,9.0,0.1871103207720738,5.0,0.008935815207241867,0.08222710766122907,0.1925211402003909,0.9997628497789122,3490,shgo2
1.0434394917138914,1.4787727774544919,1.44,17.0,1.152,17.0,0.042372462926549274,0.03464688740116922,0.08625233096119825,0.9888161834602417,163,shgo1
1.5901915278031264,1.7682477670927113,1.3149394396099285,9.0,0.06930434886141955,13.0,0.005697859426346213,0.11896737329247499,0.28409953320517145,0.999441695817274,3806,shgo2
