Al,Ap,Xtau,XN,Ztau,ZN,fun,xx,yy,zz,fev,11
4.72930483539285,0.4203325268726271,4.019754094654662,17.0,0.20100000000000004,9.0,0.3468544921663416,0.01566411177692184,0.060899832702792464,0.6761857103643771,125,fail
1.2924642894676353,1.3861860934330164,1.3750357037148426,9.0,0.07648218182417944,13.0,0.02924360490574768,0.08456402746968687,0.21527152103446626,0.9982692285588571,2626,shgo2
1.636337773633323,1.4061926804555633,4.849965778479742,9.0,0.24275000000000013,9.0,0.08645918268579512,0.08704578227124732,0.02355713775102139,0.9904788234063248,221,fail
3.2836054564940755,0.3187136957412557,1.6583305616606945,13.0,1.103156034822146,13.0,0.9967267464822189,0.01107296860719981,0.06639275204715069,0.6078850842594672,249,fail
1.2984420559766445,1.8499124919891416,1.3898021330780466,15.0,0.33161692198002035,7.0,0.01647276777290236,0.1396069437863155,0.2720386996505053,0.9982107042591479,2751,shgo2
