Al,Ap,cost,Xtau,XN,Ztau,ZN,xx,yy,zz,fev
4.4697538796812735,0.38541570280840554,0.03950115197270898,4.125,25.0,0.2578125,19.0,-4.243537260415278e-05,-2.4788661958702243e-05,-0.008791689795600799,27346
