Al,Ap,cost,Xtau,XN,Ztau,ZN,xx,yy,zz,fev
4.781805704834521,0.3683419093805909,0.0642978558351891,4.0,25.0,0.25,25.0,-1.2435125291736715e-05,-2.6906023539620275e-06,-0.00028358619198914914,27201
4.320475825196016,0.3610157861696635,0.03869307105714004,2.900331793470356,25.0,1.0870218183100482,25.0,-0.0007223900737903253,0.00011844191362699388,-0.0168031296093909,49186
