Al,Ap,cost,Xtau,XN,Ztau,ZN,xx,yy,zz,fev
4.225470237014477,0.34428634136010094,0.045985644601481246,2.9297339614659874,25.0,0.3658066024433129,10.0,-0.0001752337139331525,-2.9677555188333763e-05,-0.005240773074050242,45583
4.95195244480149,0.38359685929923015,0.06879124771925327,3.93418949139641,25.0,0.24458665232735058,19.0,-2.4705172127520436e-05,-4.636771852110249e-06,-0.0005184652183292116,28727
