Al,Ap,cost,Xtau,XN,Ztau,ZN,xx,yy,zz,fev
3.5978676938784804,0.3451766708476059,0.013399211629174679,1.7396071407043483,25.0,0.32545228174089114,10.0,1.9952524569085382e-06,1.1048284518229336e-05,-0.0012992974149439451,30484
