Al,Ap,cost,Xtau,XN,Ztau,ZN,xx,yy,zz,fev
4.863574398137237,0.4303220443008308,0.023650112555584246,3.9695811465196074,25.0,1.239926910866012,19.0,-4.961336849254941e-05,5.642621572895731e-08,-0.0036668366248131523,26534
4.205476090754014,0.334625628601441,0.06973913039062529,2.9349999999999996,25.0,0.1834375,13.0,-1.0614459798691678e-05,4.850031915063901e-05,-0.002663112327668471,44669
4.556705097201233,0.3238974918290298,0.10808299311964109,4.09,25.0,0.766875,10.0,-2.5046132959584264e-06,3.862122476810362e-06,-0.0001387025661364616,24908
4.608786889369864,0.3937821578416236,0.02793809367178013,4.06979644012203,25.0,0.5084107335367148,10.0,-6.8279119389949615e-06,-1.7775502952474737e-06,-0.00015873924881226742,24768
3.502396020403704,0.335037966701038,0.02019387527651617,1.76,25.0,0.33,13.0,2.2985179613103143e-06,3.492841561434268e-06,-0.000541774105265902,29409
