Al,Ap,cost,Xtau,XN,Ztau,ZN,xx,yy,zz,fev
4.867230144653145,0.4018751610345941,0.05507738145713781,3.9656154181104744,25.0,0.7444631968507913,1.0,-5.020304975046196e-06,1.5272401282401173e-05,-0.00042012086078807576,26374
4.088984283990787,0.3415617725054243,0.047363996030395095,1.6495886181092851,25.0,0.3086893635154755,25.0,-1.173564731447868e-06,-2.2465254718538738e-06,-0.00018102789507123962,31220
0.8127466002847634,1.6055698155491789,0.01032827910475298,2.475435978644177,20.0,0.15098238372404643,20.0,-0.00035838024838692403,0.004692430055897671,-0.0695368097317346,30760
