Al,Ap,cost,Xtau,XN,Ztau,ZN,xx,yy,zz,fev
4.579666076536837,0.32671936277524577,0.1059362231054477,4.08,25.0,0.255,19.0,4.647271494943455e-06,1.9409709931114997e-05,-6.69921427905451e-05,24700
0.8283881931754967,1.812949547292216,0.010473059686833208,2.478281323006863,7.0,1.0634105792043131,7.0,-0.04224203527531321,-0.00322637678287998,-0.18099170824509447,29734
4.946394429743435,0.4374001259421678,0.025465485733121462,3.9367450622083457,25.0,1.9651453404149597,19.0,-5.64761960171749e-06,2.1205366515125593e-05,-0.0005575134890170585,28251
