Al,Ap,fun,Xtau,XN,Ztau,ZN,xx,yy,zz,fev
5.017968926134108,1.3998372225372904,0.10701905691230285,3.8964127158493698,7.0,0.9945031712935313,1.0,-0.008862093845224496,0.00028975931695609906,-0.15010245851864734,1784
4.988143136515506,0.35340854019140616,0.13298726752850598,3.9198530689607503,25.0,1.959755114934584,25.0,-8.191379773737732e-05,5.920909827204432e-06,-0.0029386140266083327,1579
