Al,Ap,cost,Xtau,XN,Ztau,ZN,xx,yy,zz,fev
0.7202320353806319,1.8376594833229196,0.010784385616758985,4.506370956936903,25.0,1.1240352111721101,13.0,0.006271290420123981,-0.006090748754575539,-0.021089958310533508,31051
4.829479127783879,0.34692397528740354,0.0944182434488905,3.982387705269905,25.0,1.987116176435223,19.0,-3.396652759648898e-06,9.361047110645294e-06,-0.00029482678193709644,26165
0.7889199164542495,1.722841594046193,0.011639335372362392,4.487167778903147,10.0,2.2244627253864135,4.0,-0.005808381215273731,-0.01649024974201465,-0.030019689426936114,33576
3.9076110160390587,0.35225611009859653,0.05796257822032125,1.6799999999999997,25.0,0.21,4.0,-7.19778577772251e-05,2.993524117323506e-05,-0.035862503365638454,28761
4.815694811266437,0.42856222393302895,0.02903324734407875,3.9853075844235164,25.0,1.9923759298449137,13.0,-6.459142059013235e-06,1.730937196801007e-05,-0.0004399166639035279,25672
