Al,Ap,cost,Xtau,XN,Ztau,ZN,xx,yy,zz,fev
0.8711612319103368,1.436604220047979,0.012422113068233487,4.440173725840861,25.0,0.2767607933724859,22.0,-0.0010245264938408718,0.004026523471200936,-0.012467625217977618,37721
