Al,Ap,cost,Xtau,XN,Ztau,ZN,xx,yy,zz,fev
3.927799672691767,0.3519301051179143,0.02838924030381862,1.6799999999999997,25.0,0.315,13.0,-8.069761342714785e-05,-2.65241573989888e-05,-0.007931438490307086,27394
