Al,Ap,cost,Xtau,XN,Ztau,ZN,xx,yy,zz,fev
4.627916722636258,0.40133902698971585,0.02800456051488176,4.0600000000000005,25.0,0.25375000000000003,19.0,-2.3269817905421583e-05,-4.084254523458852e-06,-0.005042316227131305,25761
