Al,Ap,cost,Xtau,XN,Ztau,ZN,xx,yy,zz,fev
2.6677744532231404,0.33517513809139116,0.02939220686612365,2.719307934330781,25.0,1.1888465572179683,1.0,-7.359810477861224e-05,4.540441348252922e-05,-0.00501493227750438,28520
