Al,Ap,cost,Xtau,XN,Ztau,ZN,xx,yy,zz,fev
4.696125204610226,0.3947383118293297,0.0296432903519398,4.034451570337595,25.0,0.7556511434638572,19.0,2.068514206380917e-05,4.009696372355364e-05,-0.00011694686184593461,26280
