Al,Ap,cost,Xtau,XN,Ztau,ZN,xx,yy,zz,fev
4.543121487016701,0.32101359484712066,0.09972828410138168,4.096698911100555,25.0,0.25310203415799515,19.0,-0.004929019643228456,0.002026948779260525,-0.8005437453212295,25526
