Al,Ap,cost,Xtau,XN,Ztau,ZN,xx,yy,zz,fev
0.7140427674495273,1.7279093415680322,0.011179673679409086,4.534469705684456,13.0,0.9951846320240666,1.0,-0.14292918066962856,-0.0009021811698480651,-0.8796043011381369,30239
