Al,Ap,cost,Xtau,XN,Ztau,ZN,xx,yy,zz,fev
4.085909516119513,0.3711123215608917,0.02152666798698044,1.65,25.0,0.309375,10.0,-1.515328480389402e-06,-2.8886856587543187e-06,-0.00021453846324648307,31746
3.921771873484273,0.352719267612641,0.031317107391100274,1.680227383659982,25.0,0.21037897276663686,10.0,2.8668061886290286e-05,-2.857159396998151e-05,-0.02023386468852334,28454
4.798608000163712,0.4019087587947643,0.038910407855619056,3.995,25.0,1.7478125,22.0,-1.7246080695338057e-05,-3.670046521471351e-06,-0.0003581041312117339,24757
0.8335416011765756,1.5478257305573138,0.011235297331364413,2.47119606019998,22.0,0.637783328248379,25.0,-0.00011340694865657683,0.004296016750498763,-0.06287486573691048,29851
3.3943996833545103,0.33793934552351185,0.019978495160899223,1.7799999999999998,25.0,0.11125,1.0,-0.00011117591966933182,-8.616717871176051e-06,-0.019653666408587567,31023
