Al,Ap,cost,Xtau,XN,Ztau,ZN,xx,yy,zz,fev
0.6592226960754745,1.4942148937969986,0.015654047276099647,2.567710703439026,7.0,0.6298081139364684,16.0,-0.02946158049040655,0.0005696730238575567,-0.19145007048710805,29674
