Al,Ap,cost,Xtau,XN,Ztau,ZN,xx,yy,zz,fev
4.313244708469338,0.4132049485617535,0.012834636715491676,2.9049711636054143,25.0,1.4525000000000001,16.0,4.5179653562123375e-05,6.284317371834302e-05,-0.00026813329629887805,46429
