Al,Ap,cost,Xtau,XN,Ztau,ZN,xx,yy,zz,fev
2.8554119318773568,1.0967222404720944,0.0028682995578287462,4.16,25.0,1.0400000149011612,7.0,-0.02777943917535906,-0.03290689801926576,-0.9942634008843512,49025
