Case,Theta,Phi,timeErr,init,trace,cost
Case1,1.9819031779482483,1.4848934026733007,3.8196121618352463,"[(-0.05235487267271401+0j), (0.9146811874514281+0j), (-0.40077087298089575-9.077712895912926e-18j)]","[(-0.7606247477536879+0j), (-0.5116155705237725+0j), (-0.39962419984564673+2.9076045420054657e-18j)]",0.018573809514646204
