Case,Theta,Phi,timeErr,init,trace,cost,7,8,9,10,11
Case1,2.2457478734645786,2.380738182798515,0.4773748226801276,(0.15752647113347895+0j),(0.7664644329522273+0j),(-0.6226698032757443-9.96793797997027e-18j),(0.15441107163623363-6.938893903907228e-18j),(0.7650752192413752+0j),(-0.6226024186130733-3.328405063728705e-19j),40 / 200027,0.03758581237795924
