Case,Theta,Phi,timeErr,init,trace,cost,7,8,9,10,11
Case1,1.2210487071569704,2.662990647769473,0.3884039369827605,(0.062242005244868545+0j),(0.9382822144350825+2.42861286636753e-17j),(0.3402240715438809+7.160321842588269e-18j),(0.05645419338765508+4.382459307730881e-18j),(0.9376264918214573+0j),(0.3420767372188576+1.244562182890584e-19j),38 / 189358,0.02525331747242944
