Case,Theta,Phi,timeErr,init,trace,cost
Case1,1.4603497100671303,2.184388641949153,1.803961406553514,"[(-0.7703255015857132+0j), (0.629848173609276+0j), (0.09944797538300287-4.637252346729019e-18j)]","[(-0.7445718839993011-5.551115123125783e-17j), (0.6583796583864021+0j), (0.11022220729388305-1.185315336675985e-17j)]",0.04151949823602946
