Case,Theta,Phi,timeErr,total_Phi,init X,init Y,7,8,9,10,11,12
Case1,1.9082721001297376,3.5711072741977725,0.5307573526084319,3.782796622925991,(-0.6702240234935577+5.551115123125783e-17j),(0.620431633097837+0j),(-0.40726446810844885-1.3454931847082667e-18j),(-0.6728998871333008-2.4490213778496098e-18j),(0.6083274804100914+0j),(-0.3985305212993649-8.547138709111775e-20j),34 / 199855,0.020317565525807435
