Case,Theta,Phi,timeErr,init,trace,cost
Case1,1.043106935762236,3.5588354278946874,2.3255148744346323,"[(-0.3929136672753081+0j), (-0.7726955906167701+0j), (0.49855829579866506-1.5257609359071855e-18j)]","[(-0.33551957915705555+0j), (-0.7961631165264843+0j), (0.5035383837257176-5.764892994624714e-18j)]",0.013853183803324676
