Case,Theta,Phi,timeErr,init,trace,cost
Case1,2.2027964114037806,5.706408530934585,1.8561167533416256,"[(-0.2541135702587937+0j), (0.7752683464405269+0j), (-0.5782605679256543+4.2012586978329005e-19j)]","[(0.7728198980708976-1.3877787807814457e-17j), (-0.2318455947506915+0j), (-0.590759701858874-3.280626958786104e-17j)]",0.05457098724636694
