Case,Theta,Phi,timeErr,init,trace,cost,7,8,9,10,11
Case1,1.8100973297050567,1.5830681730979816,0.36999616603801666,(0.8162901672365088+2.7755575615628914e-17j),(0.4825770507273822+0j),(-0.3174740193846639-2.2800137600666727e-17j),(0.811282190276351+2.3129646346357427e-18j),(0.4734607969387694+0j),(-0.3100531480722941+1.5158546809632723e-18j),36 / 201730,0.020529830999005544
