Case,Theta,Phi,timeErr,init,trace,cost
Case1,0.4663301595172349,4.7860200582032,2.408349836980457,"[(0.4872886056231401-1.3877787807814457e-17j), (-0.1792589913289382+0j), (0.8546438023279568+2.2375573719108224e-18j)]","[(0.3552964605936831+0j), (-0.27552635598683606+0j), (0.8932243011955152+2.130859015846446e-17j)]",0.0064532758916628075
