Case,Theta,Phi,timeErr,init,trace,cost
Case1,1.239456476611598,6.135923151542564,3.77972866135022,"[(-0.5292598327126254+0j), (0.7928233621092982+0j), (0.30218396047889845+1.5555877208688437e-17j)]","[(-0.4457562075031368+0j), (0.8339512079766557+0j), (0.325310292162263+5.268666914388497e-18j)]",0.01206314670208719
