Case,Theta,Phi,timeErr,init,trace,cost
Case1,0.16566992509164924,3.9147189706841563,1.862252683943749,"[(-0.10900744359887571+0j), (-0.1384118311514564+0j), (0.9843574260589181+5.377381226630036e-20j)]","[(-0.0799612996428323+0j), (-0.14423081456182837+0j), (0.9863080972445984+1.0827822229844051e-17j)]",0.022359609830021554
