Case,Theta,Phi,timeErr,init,trace,cost
Case1,0.9387962421860124,2.2457478734645786,1.718058482431918,"[(-0.6333245100603198+0j), (0.5562094336662861+0j), (0.5380809705402017-1.7792258428679227e-18j)]","[(-0.5911403066923002+0j), (0.5491412500107302+0j), (0.5907597018588743+5.3258443059126754e-18j)]",0.02830463867167121
