Case,Theta,Phi,timeErr,init,trace,cost,7,8,9,10,11
Case1,1.3192234775816514,1.607611865704152,0.30004664211043147,(0.8735129025799044-2.7755575615628914e-17j),(0.39089770708674265+0j),(0.2901278883884784-3.658983883366553e-18j),(0.8582893205419491-6.751356230828655e-18j),(0.3961597007277309+0j),(0.2870321044149505+6.459058199549821e-18j),37 / 202080,0.019792109826383464
