Case,Theta,Phi,timeErr,init,trace,cost,7,8,9,10,11
Case1,1.1658253987930873,3.141592653589793,2.1659808724945253,(-0.7979116902772253+0j),(-0.486169897621935+0j),(0.3563365897086884-5.445122960341384e-19j),(-0.7334956663513789+3.3306690738754695e-18j),(-0.5179072643619362+0j),(0.3791397510937332-4.044436588269791e-18j),25 / 200654,0.027931769800780437
