Case,Theta,Phi,timeErr,init,trace,cost
Case1,1.8775924843720249,3.411573272257666,2.6445828783148455,"[(-0.17760933129547685+5.551115123125783e-17j), (-0.9367326180987317+0j), (-0.3016403945539616+1.4244674494398222e-17j)]","[(-0.21457385228583856+0j), (-0.9288436189644664+0j), (-0.30200594931922786-9.468902184215636e-18j)]",0.02185206181291094
