Case,Theta,Phi,timeErr,init,trace,cost,7,8,9,10,11
Case1,2.018718716857504,5.5100589900852235,0.7528777721843889,(-0.021021970526621143+0j),(-0.9003415602812187+1.734723475976807e-17j),(-0.4346759155802844-3.948250823725612e-18j),(-0.01802808311173082+4.625929269271485e-18j),(-0.8990007553928413+0j),(-0.43680453536683683+2.8060112268189256e-19j),36 / 154262,0.005176825366930725
