Case,Theta,Phi,timeErr,init,trace,cost
Case1,1.945087639038993,1.5830681730979816,1.7640779060684872,"[(-0.17662877591232765+0j), (0.9136245029964788+0j), (-0.3661864867033597-3.6372718577650905e-18j)]","[(-0.18997788209918423+0j), (0.9111726181955396+0j), (-0.365612997804774-6.396367505706463e-19j)]",0.006434397345552484
