Case,Theta,Phi,timeErr,init,trace,cost,7,8,9,10,11
Case1,1.9819031779482483,4.111068511533518,3.046485844740883,(0.5775940351517612+0j),(-0.6739375914847027+0j),(-0.4606443892428345+1.0574978916470564e-17j),(0.5414199745016983+1.206764157201257e-17j),(-0.6831767632850321+0j),(-0.4687519106252578+7.579185067263024e-19j),23 / 195908,0.0033104010571755604
