Case,Theta,Phi,timeErr,init,trace,cost,7,8,9,10,11
Case1,1.9573594853420782,2.098485717827557,0.41785636662004866,(0.5460584650162584+0j),(0.7474295948415925+0j),(-0.37837699922038154+1.8380464711914305e-19j),(0.5278905038961798-5.7824115865893565e-18j),(0.7460305407968442+0j),(-0.3806760435244807+5.836351613054782e-19j),48 / 199337,0.009749489475789241
