Case,Theta,Phi,timeErr,init,trace,cost
Case1,0.3436116964863836,2.3071071049800045,1.3959225244265139,"[(-0.1922258472044785+0j), (0.31094807312045925+0j), (0.9307848943172606-3.983282390968515e-19j)]","[(-0.17936121382082196+2.7755575615628914e-17j), (0.285174206925088+0j), (0.9415440651830207-1.2092981120259773e-17j)]",0.023754761828779225
