Case,Theta,Phi,timeErr,init,trace,cost
Case1,3.000466421104314,3.104777114680538,3.031146036862027,"[(-0.013263702926527288+0j), (-0.14316475886003752+2.6020852139652106e-18j), (-0.9896099868156263+3.058714016227299e-20j)]","[(-0.020638850193364797-1.3877787807814457e-17j), (-0.13913582628105897+0j), (-0.9900582102622971-6.0277436048372295e-18j)]",0.010184799903717831
