Case,Theta,Phi,timeErr,init,trace,cost
Case1,0.30066023442558565,0.1595340019401067,2.356194490192345,"[(0.11479154704189834+0j), (-0.280890310016906+0j), (0.9528502161758343+6.150300352999372e-19j)]","[(0.17348455581693614+0j), (0.24001761914594463+0j), (0.9551411683057708+1.9651796757766222e-17j)]",0.011526566542141875
