Al,Ap,cost,Xtau,XN,Ztau,ZN,xx,yy,zz,fev
4.0868912563271635,1.815177236994031,0.0008924772970178019,4.933564629193752,10.0,0.6115483368292578,22.0,0.010534802250016781,-0.020798158898218455,-0.9982150454059944,58514
3.7700462141912494,1.8141416780409227,0.003111762163845233,0.34324042003645044,7.0,0.014526396129312317,4.0,-0.054694292109573696,-0.00480544902923837,-0.9937764756723039,33213
0.4673681282808228,0.7342795293430633,0.002158839218504238,2.672233391560561,10.0,0.9777362935433107,7.0,-0.04127578045542894,-0.0016073256799253787,-0.9956823215630356,31675
