Al,Ap,cost,Xtau,XN,Ztau,ZN,xx,yy,zz,fev
1.0861410172621508,1.826170447103636,0.007684525184911362,3.325,25.0,0.2078125149011612,19.0,-0.007324620237486612,0.06332915623142671,-0.984630949630177,29867
4.560907452847476,0.8819962249291546,8.67410003221325e-05,4.090096718417049,16.0,2.033105206834693,4.0,-0.006341457181076459,-0.004632941328989786,-0.9998265179993605,25719
3.2964549619929087,0.5463175679430657,0.0001800460913116142,1.8031750865118659,19.0,0.09253614109696955,4.0,-0.013414000906314671,0.00024125494609544772,-0.9996399078173792,31277
2.049661890549863,0.5760190775165429,0.00028180177578263077,2.9423537785861784,13.0,1.0972506548107392,10.0,-0.00952708162241736,-0.00769578918863054,-0.9994363964484176,28438
3.0104238122046607,0.5151937629800943,0.00016018942137463466,4.099210878687355,22.0,2.044026806152247,16.0,-0.012496224214531913,4.251334345972857e-05,-0.9996796211572133,41778
2.4700083216609956,1.688635420426165,0.007396199389830382,4.344980203799963,7.0,1.0773048405059134,7.0,-0.06074715725655959,-0.035602168978429494,-0.9852076012203479,35152
1.291455918515249,1.2307624077772927,6.823814898315739e-05,1.4017175948346907,10.0,0.5058849806635133,10.0,-0.007336229616967221,-0.00017074561894139784,-0.9998635237020322,26974
3.3896285352095323,1.4576714853812187,0.002647378608810702,0.3667955722697986,10.0,0.16079212690589237,4.0,-0.0511717349763575,0.0007883355699774626,-0.9947052427823764,39995
3.3723056922127634,1.772729065853444,0.00016017960941594467,3.187979181349055,22.0,0.9973689254384954,10.0,-0.008147344234794584,-0.006194098399542842,-0.9996796407811477,37708
