Al,Ap,cost,Xtau,XN,Ztau,ZN,xx,yy,zz,fev
0.7802102408695325,1.6225247044644746,0.00499368921837684,2.507676019923103,7.0,1.0287831472228643,1.0,-0.03664693045559389,-0.0486405027153471,-0.9900126215632581,30842
4.937282245815659,0.8031604526802729,0.0005277423831782091,3.9326720054205735,19.0,0.24862249456740712,13.0,0.004704726662861246,0.004247615412863988,-0.9989445152336723,28712
0.5735156593189735,1.169203992598206,0.0020389044368663845,3.644190996361992,13.0,0.6373027145663122,4.0,0.005000652078721236,-0.012017116151340304,-0.9959221911262708,32088
0.4370311657072221,1.247134277804087,0.0008969947784372989,3.7190615831678393,7.0,0.2200215556308233,10.0,-0.019704199988305467,0.021183512379205998,-0.9982060104431331,27953
