Al,Ap,cost,Xtau,XN,Ztau,ZN,xx,yy,zz,fev
3.4937295501415293,1.1921716399667726,0.000959778998974592,1.764837352873426,10.0,0.4290271160375633,13.0,-0.018287088451007117,-0.004261648741059181,-0.9980804420020443,34401
3.9691449675996395,0.846265852775297,0.00025084074101811016,1.6720628867582539,13.0,0.09470774540098546,4.0,-0.014907605073292531,0.005290313104570259,-0.9994983185179485,29259
1.8744271456341217,1.542477277650112,0.004504176254945147,2.1255254475197356,22.0,0.8653124999999999,1.0,-0.007654317400531047,-0.05585374359326851,-0.9909916474901226,27890
3.4924752460485706,0.5771450236502871,0.003065100945663257,1.7596551531802656,16.0,0.22134864935301382,10.0,-0.011893375011801733,0.004954991928746115,-0.9938697981086536,32383
