Al,Ap,cost,Xtau,XN,Ztau,ZN,xx,yy,zz,fev
4.263921860043596,0.5156468732577726,5.8293414305632396e-05,2.9193086760707754,22.0,0.7346259263651599,4.0,-0.005014248939188261,-0.0053865310849449,-0.9998834131714014,47000
3.370518295573952,1.6055814152854728,0.002875753729292496,0.3554158806345607,22.0,0.154287246361902,19.0,-0.051108218082584825,-0.004959240852827078,-0.9942484925414004,35865
2.236359749733366,0.4115502756956426,0.00013168343906000413,2.869048238444569,19.0,0.1784107583239874,19.0,-0.010964102275998701,0.0026444689433749976,-0.9997366331218314,32180
2.239202949419431,0.7743742017834707,0.0005244586118318129,2.8686442752350048,10.0,1.068762921576371,10.0,-0.014951814940539144,-0.011135394305218888,-0.9989510827763407,32017
1.7353655845329643,1.877970665697514,0.008644499061251087,2.1686245138189237,10.0,0.2657587401028332,10.0,-0.09128903332300316,-0.01086850993730025,-0.9827110018774795,28113
4.971717025198287,1.7260239848404786,0.0015788500812702333,3.9084802319129373,22.0,0.24138699932404592,4.0,-0.016650459408944017,0.022901319981373312,-0.9968422998374384,31103
2.9369006224034298,0.37257871820388366,0.0006233043184368237,4.130317208580563,25.0,1.291163942000505,10.0,-0.01642180910628644,-0.014089097268897424,-0.9987533913631464,56302
4.59668963443726,0.8225422882113341,0.0003211278027358544,4.065225794919573,22.0,0.2613772102672756,13.0,-0.010138269313609938,-0.0015980438897540469,-0.9993577443945254,25050
