Al,Ap,cost,Xtau,XN,Ztau,ZN,xx,yy,zz,fev
0.4745684976345217,0.5139467134234582,0.0005090558180932403,0.5390527609111054,10.0,0.03040071611188231,19.0,-0.022554176579195506,-0.00031649801627905744,-0.9989818883637942,35638
3.415690427453391,1.43387960821797,0.002190529757390758,0.34545509638526195,16.0,0.17588372515076525,22.0,-0.046679448381825736,0.0006935655148445108,-0.9956189404852386,34502
3.499458040018937,1.8445056495247247,0.0001868001499268912,3.1555831875523275,7.0,0.39103620362252883,16.0,-0.011917345671769504,-0.0006718704194418931,-0.999626399700132,33308
1.172313384831408,1.3589622165621131,0.0017316324395696414,1.4163342682655786,7.0,0.17709881153394086,22.0,-0.014861606012181597,0.037087843255675546,-0.9965367351208346,29346
3.0284880047560514,1.8150284639607939,0.004404327552633647,2.5774828807706243,22.0,0.15870527617620597,19.0,-0.06545237078201273,-0.008988899412033353,-0.9911913448947658,27718
2.166965273153686,0.6104807285825095,0.00015514549937889477,2.898767092285125,13.0,0.9024267494789391,22.0,-0.009687148186783501,-0.006971711722453198,-0.9996897090011797,30251
