Al,Ap,cost,Xtau,XN,Ztau,ZN,xx,yy,zz,fev
0.8447058812461742,1.3569287796057772,0.005797319845329385,4.475788885816855,13.0,2.209275533315798,4.0,-0.07538960137512965,-0.0032301875860803837,-0.9884053603093398,42309
3.3488921246619894,1.2669924551682281,0.00024940700100295476,3.93324489861093,10.0,1.959713654283675,16.0,-0.015440387046408474,-0.0005954830638876252,-0.9995011859980061,39691
4.34623947693471,0.8225980728198272,0.0009939869637960452,2.8915794201119516,13.0,1.0831719243985785,22.0,-0.0118243822479222,-0.010114642976799263,-0.9980120260724349,43581
