Al,Ap,cost,Xtau,XN,Ztau,ZN,xx,yy,zz,fev
2.2125934253980604,1.7236947259759796,0.00042584051158156555,3.671449991024144,10.0,0.21172248686584325,4.0,-0.014902894221884101,0.01291758839152455,-0.9991483189768482,34683
0.7065467921280659,1.3004791541019223,0.004772701040481997,2.548652661005807,7.0,1.056864949260556,1.0,-0.03485271684707045,-0.044478373844036426,-0.9904545979190297,31081
2.7017353725414757,0.7567510274193942,0.0016654610711378526,4.247169017089751,13.0,1.0581976386934604,7.0,-0.023970814834001337,-0.021783370825307787,-0.9966690778577074,37419
4.8751333199078335,1.0681530482659494,0.00014648223531854576,3.962741240449628,13.0,0.49179852705786453,13.0,-0.011975963624486602,-0.0009489858421765115,-0.999707035529333,28491
