Powell,time
[1.8479606  4.71239284],0.03159451484680176
[1.24896239 4.5958788 ],0.032869815826416016
[1.87982259 1.18427514],0.037000417709350586
[1.46798906 1.54224513],0.029439926147460938
[3.14159265 4.71239265],0.0714879035949707
[1.28181586 4.40283932],0.07286214828491211
[1.87326344 3.12093134],0.027761459350585938
[3.14159265 4.71238964],0.07205653190612793
[3.88913135e-05 4.71239284e+00],0.03409886360168457
[1.32091394 1.57079246],0.03055882453918457
