Powell,time
[0.75244661 2.66142958],0.036856889724731445
[1.69782349 4.68522954],0.029776811599731445
[0.67215215 4.71238723],0.03737902641296387
[3.14155071 4.71239284],0.03282022476196289
[1.33547843 0.42537368],0.03768801689147949
[0.32505103 3.24312536],0.11039543151855469
[1.77602672 4.71239284],0.03167366981506348
[1.28657866 4.71239284],0.03260922431945801
[7.16441295e-11 4.71239490e+00],0.07709670066833496
[1.4516955  1.57079242],0.028630495071411133
