Al,Ap,cost,Xtau,XN,Ztau,ZN,xx,yy,zz,fev
2.8554119318773568,1.0967222404720944,0.0028683135748381883,4.16,25.0,1.04,7.0,-0.027779444413208614,-0.0329068412183168,-0.9942633728503316,49025
