Al,Ap,N,x,z,fun
3.9927785528496456,1.2873654405345132,9.0,2.9860542438890545,2.0686405607148113,0.02805599063070402
