Al,Ap,N,x,z,fun
1.1125418612042746,0.6085569938709834,15.0,0.4924204422887398,0.32652825560496423,0.028170359922209665
