Al,Ap,N,x,z,fun
3.737635929715958,1.7948456660099303,13.0,3.7356649231879704,2.865011374894101,0.03971177164768543
