Al,Ap,N,x,z,fun
1.744445442248416,1.1633372135978213,17.0,3.0441636651152697,2.3227068325576354,0.0745440214638457
