Al,Ap,N,x,z,fun
1.2729540360202887,1.4971928271769177,9.0,3.240349025985893,2.3747826549764364,0.009697765125771349
