Al,Ap,N,x,z,fun
4.859808099914925,1.5445555442176304,13.0,3.964624199776155,2.5799723351692556,0.012744929628485644
