Al,Ap,N,x,z,fun
4.030275190817926,0.5478400463297051,17.0,1.6600000000000001,1.2657500000000002,0.06385462967331851
