Al,Ap,N,x,z,fun
2.4499701463618373,0.7705053651621537,9.0,2.7907739836354355,2.020202640519154,0.07282425458516495
