Al,Ap,N,x,z,fun
2.2248452735674227,0.6116818077801411,13.0,2.8716663046403164,2.2960000000000003,0.03167655330643433
