Al,Ap,N,x,z,fun
2.119658352073465,1.4960386034021542,9.0,2.057005705420968,1.4240938674662538,0.08579157874699389
