Al,Ap,N,x,z,fun
4.340131866698616,1.109212083461118,13.0,2.8825932413519397,1.2382427170950598,0.05607239479250499
