Al,Ap,N,x,z,fun
0.5708341141977149,1.4290666357113673,9.0,3.60885536003259,2.640524220691509,0.006013145730733219
