Al,Ap,N,x,z,fun
3.887579517245639,0.9602656521432211,13.0,1.6787257118334709,0.724779031288495,0.051678945406859814
3.1733576052001045,1.0459421235499933,9.0,4.0020922413975395,0.9695840233155086,0.021311401174906187
4.087862978713524,0.95418040990388,13.0,2.9745689018026074,2.3686132913273488,0.024465588616404042
0.4846387918284438,1.6086558266071442,5.0,3.642440552161089,1.4598743431014733,0.07729363153042308
3.9844878505185695,0.7107945655967282,17.0,1.665,1.0198125,0.05927473182913643
