Al,Ap,N,x,z,fun
4.178304226411101,1.6062877131465814,9.0,0.32212752025141655,0.2499027702041107,0.052314122446716065
