Al,Ap,N,x,z,fun
2.963184476961463,0.9974475933542696,13.0,4.099116895213,1.7322026615566615,0.019238324696711676
