Al,Ap,N,x,z,fun
1.5428794214947914,0.7475998855169674,9.0,4.040728878850128,2.9465873681884753,0.024709334352777806
