Al,Ap,N,x,z,fun
4.272442360753181,1.125031724949438,9.0,2.9137782248526634,2.3204577456557756,0.05154807641010331
