Al,Ap,N,x,z,fun,6,7,8
1.8758494908510372,0.970764986146588,9.0,0.4219346710996962,0.2845509038965476,0.03651816219104475,0.04040123825546023,0.0006320323087592311,0.9969631672062531
