Al,Ap,N,x,z,fun
3.0592372664772487,0.6782078035250344,17.0,4.07055905793817,3.2560000000000002,0.17316276951084597
