Al,Ap,N,x,z,fun
4.452187088488615,1.6810105681913137,13.0,1.59230271049966,0.7817224319190932,0.033309313913544795
