Al,Ap,N,x,z,fun
1.9816398453751665,0.46885167710442216,17.0,2.9699999999999998,1.4107500000000002,0.06597604989582785
