Al,Ap,N,x,z,fun
4.962170559141806,1.6046838087198454,13.0,3.9251200645903443,1.2331134972201228,8.85590284837413e-05
