Al,Ap,N,x,z,fun
3.8855598435881187,1.0916120669829228,9.0,1.6793473226884634,1.0796175217139083,0.00026266318655095806
