Al,Ap,N,x,z,fun
0.5265310615108098,0.5794444414263026,9.0,0.523035992075567,0.16659743302528573,0.025278113392384543
