Al,Ap,N,x,z,fun
2.6776319145991643,1.4208827334409486,17.0,2.70589340889671,1.859196704448355,0.11798156208351945
