Al,Ap,N,x,z,fun
3.458013203,0.326799144,17.0,1.7650000000000001,1.4120000000000001,0.4778144443563114
