Al,Ap,N,x,z,fun
3.458013203,0.326799144,17.0,1.7698347484812131,0.36746462624224135,0.35420247509673897
