Al,Ap,N,x,z,fun
3.735999586540035,0.44174110316405935,13.0,1.7122318364342264,0.7337348326946179,0.4075669669149094
