Al,Ap,N,x,z,fun
4.855302630115726,0.6800249031433039,17.0,3.97,3.176,0.0010792734698412397
