Al,Ap,N,x,z,fun,6,7,8
1.412452687800498,0.8092570370763315,9.0,0.45252664959973365,0.14831820039069496,0.03181412827813753,0.03512944864248069,0.0005090737965615421,0.9979162893049623
