Al,Ap,N,x,z,fun,6,7,8
2.9455563457332374,1.5535144948552106,1.0,2.2184999999999997,0.39149999999999996,100,0.04657524843270627,0.0065573441855793155,0.8103706910775317
