Al,Ap,N,x,z,fun
4.493041,0.5427,17.0,2.8500564441274348,1.7457661103185875,0.08894952696110936
