Al,Ap,N,x,z,fun,6,7,8
1.1986133689992244,0.6553378414670616,15.0,0.48646563291860273,0.35279788667071726,0.027865938120600047,0.02868027246514623,0.0003826386601578427,0.9979317274330307
