Al,Ap,N,x,z,fun
3.458013203,0.326799144,17.0,1.768477403697653,1.0767621942681718,0.4083730210219073
