Al,Ap,cost,Xtau,XN,Ztau,ZN,xx,yy,zz,fev
2.369672467894901,1.078784284377707,0.0010620684193670682,2.808929147152848,7.0,0.5250902452547473,1.0,-0.032747240777741035,0.013088414308437449,-0.9823653273941284,26560
2.326061005152348,0.82607091939127,0.0003469097769077667,2.826086924556376,10.0,0.1703532075890226,1.0,-0.021443536245257237,0.003504458663730923,-0.9928859213846253,28654
4.655968971855688,0.9377470190501761,0.00021498599454472522,4.0455517995105215,13.0,1.0121696658510255,1.0,-0.017609906292090444,-0.011691960415222328,-0.9956908256449029,26302
2.362432954625138,0.9229252382603587,0.0006448345447076509,2.8095485102869744,10.0,0.2017359975248222,1.0,-0.02426661694992336,0.0028857783132202313,-0.998657338655014,26150
