Al,Ap,cost,Xtau,XN,Ztau,ZN,xx,yy,zz,fev
3.4937295501415293,1.1921716399667726,0.005693565064451511,1.764651991864643,10.0,0.4285936595935056,13.0,-0.017765945460550228,-0.0046909877211264335,-0.9886128698710923,34401
3.9691449675996395,0.846265852775297,0.0014109415570787709,1.6698135346814187,13.0,0.10406422446902829,4.0,-0.013095912510452244,0.00965769386464474,-0.997178116885829,29259
1.8744271456341217,1.542477277650112,0.008529542257752931,2.1305040270890636,10.0,0.1339650451484428,1.0,-0.08285848332393746,-0.02924727557513027,-0.9829409154845044,27890
3.4924752460485706,0.5771450236502871,0.0037942174921981042,1.7591211141472638,16.0,0.11581781809683486,4.0,-0.011348052677212912,0.004611211459579078,-0.9924115650155944,32383
