Al,Ap,cost,Xtau,XN,Ztau,ZN,xx,yy,zz,fev
4.028933914562125,1.411517840099974,0.0008361209451757112,2.983641520627725,7.0,0.36889994384824265,10.0,-0.032671623235181704,0.01265240111534543,-0.9870422903788556,42029
1.0638953224583894,0.8436550310572799,0.0011869454482509312,0.48388422678335186,7.0,0.028452877972169405,4.0,-0.034802003668069126,-0.00240745179084841,-0.9929733452291835,32442
0.7220181045829823,0.7400367075082304,0.000990341218932822,0.51,7.0,0.1275,1.0,-0.031582413007948576,-0.0016756804393471807,-0.9874264604159017,33704
