Al,Ap,cost,Xtau,XN,Ztau,ZN,xx,yy,zz,fev
2.0820657308264927,1.492282287136379,0.007629640359167356,2.075,25.0,0.1296875,4.0,-0.06779824261647067,-0.020030469285794404,-0.9847407192816661,43505
3.201359068935919,0.7876695124914648,0.00875919605898079,4.0,13.0,0.5,22.0,-0.010985898386963759,0.015596495096584197,-0.9824816078820492,49339
1.7695258005519017,1.3895647020315387,0.008829366796870741,2.165,13.0,0.1353125,1.0,-0.07909695170052922,-0.027877196925407056,-0.9823412664062713,39784
5.0259713939156025,0.5277741517119259,0.007004512443881561,3.9050000000000002,25.0,0.7321875,1.0,-0.01241339912700559,-0.01234486705934431,-0.9859909751122559,62264
