Al,Ap,cost,Xtau,XN,Ztau,ZN,xx,yy,zz,fev
0.5067655288492258,1.8444173198430087,0.0064268706359332795,0.48537054651984335,4.0,0.034189927150683364,10.0,-0.0843317062766907,-0.0012678555060874563,-0.9855929995719678,37399
4.598651856084415,0.4582704950663357,0.0015070057033352846,4.0751128894886515,25.0,1.2736256491477522,1.0,-0.01006356396687698,0.003769851366026422,-0.9878063625937525,25876
