Al,Ap,cost,Xtau,XN,Ztau,ZN,xx,yy,zz,fev
4.540776449799654,0.8396017456106479,0.0004560844649895701,2.834335420649564,13.0,0.7054364276572014,1.0,-0.013629781953380635,-0.03960860567177815,-0.9906150179251294,41220
3.665771711335686,1.8528882758646965,7.439562300626257e-05,3.7661741247778378,7.0,0.951887783266907,7.0,-0.02146421901466514,-0.014299383146264355,-0.9863206250987987,43978
2.2779697115240682,0.8026498294188685,0.00040663866198697995,2.844271534093633,10.0,0.16857755682272216,1.0,-0.01959296497824497,0.00448116169484729,-0.9925759450324092,32179
4.987712197830409,0.6068470763221816,0.00011093794893590747,3.920104983338484,22.0,0.9862004370728568,1.0,-0.006960889468124978,-0.003433849502355194,-0.9985325178284941,30789
