Al,Ap,cost,Xtau,XN,Ztau,ZN,xx,yy,zz,fev
1.927127210160131,0.7644846947104115,0.009007398201772987,2.9849999999999994,10.0,0.5596875,4.0,-0.01803371000652388,0.01579288970145981,-0.981985203596461,57138
0.36851401757622576,0.6605991564823871,0.008513146093999446,2.705,25.0,0.67625,1.0,-0.043239869876747244,-0.00865173307601774,-0.9829737078119704,43215
4.438959307834923,0.9415403339302167,0.004083719585499135,4.135,13.0,1.2921874999999998,19.0,-0.02006254097620629,0.03269961205882824,-0.9918325608290006,62877
