Al,Ap,cost,Xtau,XN,Ztau,ZN,xx,yy,zz,fev
4.0868912563271635,1.815177236994031,0.0022947829507863338,4.932958511667161,10.0,0.6119980434899221,22.0,-0.0022846983982931987,-0.020325148068160256,-0.9954104340984623,58514
3.7700462141912494,1.8141416780409227,0.003759364347639127,0.34,7.0,0.085,1.0,-0.055839257158396105,-0.006259503415663967,-0.9924812713047214,33213
0.4673681282808228,0.7342795293430633,0.004417510517336076,2.6718030191535918,10.0,0.1432483360489751,7.0,-0.05266203499963289,0.0031973183279992348,-0.9911649789653756,31675
