Al,Ap,cost,Xtau,XN,Ztau,ZN,xx,yy,zz,fev
4.081862543956375,0.7858091080071189,1.0457176069178509e-05,1.648985080893534,13.0,0.10865162957655437,4.0,-0.008706240348013603,0.01125041285193211,-0.9884164107646337,33282
4.009132524638715,1.3877741407965525,0.0005839490179765372,1.65507087089115,7.0,0.21053927708527084,10.0,-0.015793268048443457,0.021281922273675865,-0.9814459965381169,30319
1.3170688799931483,0.55968408133457,0.0005270490994929711,0.46207048698553926,13.0,0.04359375,4.0,-0.023279590133253134,-0.002069749727377397,-0.9892751655545223,39636
0.5287446097603357,0.5668826244050071,0.0006097389058482561,0.5180127103207188,10.0,0.05993931477269572,13.0,-0.02583085766893552,-0.0011280737309680002,-0.9986395289175889,33854
0.6410006752167255,1.1509986513253105,0.0034984968447333564,2.5706131179120826,7.0,0.1616468631868063,4.0,-0.07552537812095517,-0.028163975059915497,-0.9819853476384063,31015
