Al,Ap,cost,Xtau,XN,Ztau,ZN,xx,yy,zz,fev
0.7833072007697922,0.8881877355911887,2.3706883134688717e-05,1.508632878563499,7.0,0.14156248509883881,1.0,-0.01118952233500678,0.023962161892820105,-0.9868435087655768,28334
2.782849060637119,0.9551867879552614,0.0015490489841459842,4.199678460950524,10.0,1.0494641015842077,7.0,-0.03355940659047058,-0.028807215962801273,-0.9892266857561833,38399
4.767790270140392,1.4886374519829841,0.0021719820193771833,2.773486905156277,10.0,1.3709799576729087,4.0,-0.04245332084354267,0.0025018172001669385,-0.9912564857992795,39549
