Al,Ap,cost,Xtau,XN,Ztau,ZN,xx,yy,zz,fev
4.722867597002267,1.1521835906026427,0.0006290302343509024,4.012176862650877,10.0,1.0517773004009707,1.0,-0.02735629476460111,-0.013593283269293672,-0.9820319962117479,26779
1.6211762834967642,0.34867901823633385,0.00022201646525998875,4.010693246612058,19.0,0.25431543292773123,4.0,-0.00854568375509727,0.004148409873308136,-0.9977200591117872,35697
2.942148404224005,0.7862237794353641,0.00028222354843243647,4.126774212116283,13.0,1.7901334175033994,4.0,-0.02073321859171448,0.0022263534819204223,-0.9837238805038634,40378
