Al,Ap,cost,Xtau,XN,Ztau,ZN,xx,yy,zz,fev
0.8447058812461742,1.3569287796057772,0.007044904524176943,4.468751957853775,10.0,0.2643183481524476,4.0,-0.08036661159300226,-0.015761513436793606,-0.9859101909516509,42309
3.3488921246619894,1.2669924551682281,0.009253101455547696,3.93162458751583,10.0,1.6899912581146863,4.0,-0.013544096108901366,-0.0032593412180250683,-0.9814937970889183,39691
4.34623947693471,0.8225980728198272,0.0038691970245284812,2.889889666035889,13.0,0.7313343665021605,1.0,-0.016749482684801288,-0.03624305860538871,-0.9922616059509606,43581
