Al,Ap,cost,Xtau,XN,Ztau,ZN,xx,yy,zz,fev
1.1828717251784866,0.48543238044431414,0.0003984429528207656,0.475,13.0,0.11875000000000001,1.0,-0.019904206566974027,-0.0014260816736881457,-0.997260532471769,39432
3.0504918911426144,1.8136424577121582,0.00439946672790581,2.578469781646352,7.0,1.118053402580293,4.0,-0.030528435905173575,-0.03503147251694222,-0.9822657359261794,27799
