Al,Ap,cost,Xtau,XN,Ztau,ZN,xx,yy,zz,fev
4.310961468338678,0.555701132637793,0.007006482349699472,2.9050000000000002,19.0,0.5446875,19.0,-0.013007425271439235,0.005800473800655761,-0.9859870353006058,39597
2.2654520717290687,0.4396157128718222,0.007214802589308622,2.86,19.0,0.3575,7.0,-0.012298061127997598,0.0016222369784765166,-0.9855703948213841,59161
