Al,Ap,cost,Xtau,XN,Ztau,ZN,xx,yy,zz,fev
0.7802102408695325,1.6225247044644746,0.008977787920149582,2.504894920541774,7.0,1.0446654462088203,1.0,-0.03987313330471041,-0.05876808480592845,-0.9820444241597102,30842
4.937282245815659,0.8031604526802729,0.00648159550164229,3.934558770340175,16.0,0.737077117233625,1.0,-0.021942665811236398,-0.016250205622200795,-0.9870368089967356,28712
0.5735156593189735,1.169203992598206,0.004645427847156158,3.6276784215162587,10.0,0.21498486919376483,1.0,0.023388079621413118,0.05377356168460928,-0.9907091443056901,32088
0.4370311657072221,1.247134277804087,0.004366120660882822,3.6882848703044653,7.0,0.3478124850988388,1.0,0.04192360441207729,0.021076355859524797,-0.9912677586782368,27953
