Al,Ap,cost,Xtau,XN,Ztau,ZN,xx,yy,zz,fev
2.258346274874045,0.7804520219411865,0.00033028410633584304,2.8593724173429247,10.0,0.8927040289048747,1.0,-0.007001068338511633,-0.044390375475925004,-0.9951464536719341,30687
1.3645622549236436,0.883902467702347,0.0012221664663878418,4.143962987605827,7.0,0.27222703125000003,4.0,-0.03404693931641771,-0.0008849483241541757,-0.9905356732613388,29996
0.9605813908559001,1.0575156237034113,8.668413712276113e-05,1.4645916896859623,7.0,0.13734373509883882,1.0,-0.009158929001341016,0.031906553686071315,-0.9936247172446742,28565
2.248316028343669,0.4819931638826035,0.000373511666794335,2.865,16.0,0.8953125000000001,1.0,-0.00837346175362821,-0.025471212362078756,-0.9811171425233481,32145
4.034099496783502,1.8318120722170164,0.0004455448851925503,4.953466916011595,7.0,1.2352436453240727,7.0,-0.028009482288406645,-0.05416266926877483,-0.9811809443968666,57610
