Al,Ap,cost,Xtau,XN,Ztau,ZN,xx,yy,zz,fev
1.0861410172621508,1.826170447103636,0.009749706889983,3.3327330123867616,7.0,0.6149596607577258,7.0,-0.043163714798944174,0.020972269409756043,-0.9805005862200376,29867
4.560907452847476,0.8819962249291546,0.00927414969429785,4.08424698902655,13.0,1.0199949817109175,1.0,-0.018937936045964523,-0.011480043329632072,-0.9814517006114157,25719
3.2964549619929087,0.5463175679430657,0.009609286520976701,1.7999999999999998,16.0,0.1125,4.0,-0.01306639942499212,0.0025192635010118578,-0.9807814269580567,31277
2.049661890549863,0.5760190775165429,0.001259059339009272,2.940988433264761,13.0,0.9170105899047822,1.0,-0.004205951773561513,-0.030179249068006127,-0.9974818813219742,28438
3.0104238122046607,0.5151937629800943,0.006820019718032366,4.096259755572187,19.0,1.7775970633192633,4.0,-0.012693081414460664,0.001651417976179701,-0.9863599605639171,41778
2.4700083216609956,1.688635420426165,0.008138934904668327,4.3432781773694895,7.0,1.0795317586105981,7.0,-0.0645086957100785,-0.04772960112240267,-0.9837221301906744,35152
1.291455918515249,1.2307624077772927,0.0023604615578626253,1.3774305573530121,10.0,0.09657926314224471,13.0,0.036255753683714434,0.008491558012368028,-0.9952790768842765,26974
3.3896285352095323,1.4576714853812187,0.0032937517420923434,0.34539632443636126,10.0,0.14421875,4.0,-0.05156445486605013,-0.0022364460046028476,-0.993412496515818,39995
3.3723056922127634,1.772729065853444,0.009893949657678203,3.196951997366723,7.0,0.1892397300915367,4.0,-0.017350308816148182,0.021311897613641932,-0.9802121006846407,37708
