Al,Ap,cost,Xtau,XN,Ztau,ZN,xx,yy,zz,fev
4.138829982007466,1.7775988051713365,0.0026364528388970188,0.3371875,10.0,0.0203125,13.0,-0.05778021596439792,0.0011929511859388852,-0.9844358199144241,34957
4.7996894839844755,1.06393691928861,0.00011445173443058732,3.9805616737385767,13.0,0.8050991215430886,1.0,-0.03526530313553983,-0.008426671512655172,-0.9963226577049434,27691
3.31930089375484,1.472333426382593,0.0021573920134407842,0.34699636773904,10.0,0.04582727956534961,13.0,-0.05283360675094337,-0.0017072450430620297,-0.9900164174126633,34711
