Al,Ap,cost,Xtau,XN,Ztau,ZN,xx,yy,zz,fev
0.45348352878545545,1.433478520109314,0.0005551671251681212,3.6925931818525517,7.0,1.157446969754253,1.0,-0.011023469737653514,-0.00794993203756231,-0.9906439772029849,28351
2.120617692636393,1.7128584925713621,0.002278302687054201,3.704288642012204,7.0,0.245297798933222,4.0,0.0068851891039519155,0.06362872763066874,-0.9886356736758913,41981
1.6236269155138405,1.0895249689385333,0.0009342049280924858,3.107958289558155,7.0,0.09703125,1.0,-0.016308184642180337,0.02138352623257865,-0.9914142142332496,28200
