Al,Ap,cost,Xtau,XN,Ztau,ZN,xx,yy,zz,fev
2.7706496407926515,0.8369891190170655,0.0003426464251072847,4.214362700004935,13.0,1.8153155752833452,4.0,-0.026103378516302754,-0.0003678954854511333,-0.9883383308669007,33121
4.1684257410125785,1.2813123798480242,0.0007582329606975469,2.9473067017404113,10.0,0.36467701805608616,16.0,-0.013015555891766754,-0.0021757449930804086,-0.9969428369108956,42432
