Al,Ap,cost,Xtau,XN,Ztau,ZN,xx,yy,zz,fev
3.843467605699305,0.7811710249260461,2.1574288112558015e-05,1.6912819916822486,13.0,0.10776165280391295,1.0,-0.011121072402304324,0.009511124350323471,-0.9985904463662428,29204
1.566875525249421,1.6263984824017506,1.8529057388527725e-05,1.335083652425843,10.0,0.07563222844095877,7.0,-0.01563332618230672,0.04101029125738405,-0.982644840944214,28153
3.8320569984553003,1.6055648773946136,0.0022993873600679615,0.3276436957101706,10.0,0.04315615951695096,13.0,-0.05429921304640395,-0.0019361435615909113,-0.9816715410320658,33056
0.6728294435859923,1.3005622226607672,0.002589543513561443,2.557773301532716,7.0,0.07968750000000001,1.0,-0.07905908782709925,-0.02072731900955551,-0.9858256977607914,27714
4.414147175645653,1.3730521216853162,0.0026169421211117427,2.8681489819009576,22.0,1.3905747082042514,1.0,-0.026200853557299682,-0.00010109075536932337,-0.9938192661515662,42290
3.0953461276083694,1.6262677053649048,0.0026637077685714994,2.5594040165800833,10.0,0.16223024358988625,1.0,-0.07253277386073063,-0.014364942277953192,-0.9875347331002432,28503
