Al,Ap,cost,Xtau,XN,Ztau,ZN,xx,yy,zz,fev
4.592424567500073,1.5546152521451353,0.0005610159256435043,4.055599582171402,7.0,0.26532476154084184,4.0,-0.02372003442682933,0.020222342054032956,-0.9890722755723445,26704
