Al,Ap,cost,Xtau,XN,Ztau,ZN,xx,yy,zz,fev
4.744786270866585,1.5135928626389037,0.004801421523991656,2.7699999999999996,25.0,0.173125,4.0,-0.03399513482012735,0.004843915152165969,-0.9903971569520487,39151
2.2038875459149803,0.4944825779453411,0.006524319058157757,2.88,16.0,0.54,1.0,-0.012897570537355161,0.009258898530307768,-0.986951361883702,52320
3.0402328728064774,0.3442476780543379,0.008600183318005716,4.08,25.0,0.51,1.0,-0.004618390503081625,0.0064280128879140915,-0.9827996333640571,37288
