Al,Ap,cost,Xtau,XN,Ztau,ZN,xx,yy,zz,fev
0.4745684976345217,0.5139467134234582,0.005686088883189777,0.5339968749999999,10.0,0.098640625,1.0,-0.02238668041829357,-0.000660931175504765,-0.9886278222336115,35638
3.415690427453391,1.43387960821797,0.002654391600184436,0.34531982996318106,10.0,0.04326058327627419,13.0,-0.051343140239149494,-0.0033070273723190373,-0.9946912167996407,34502
3.499458040018937,1.8445056495247247,0.004271181265587121,3.1412218501188147,7.0,0.20719534694298009,4.0,0.007608244119410128,0.04720855786122629,-0.9914576374688205,33308
1.172313384831408,1.3589622165621131,0.002162543658915883,1.4131843768026657,7.0,0.13265625,1.0,-0.006849380069974997,0.044946188342421936,-0.9956749126821629,29346
3.0284880047560514,1.8150284639607939,0.008714205009961895,2.5843096315387863,7.0,0.4764973041989424,4.0,-0.06809663953458481,-0.00022327265053896823,-0.9825715899800859,27718
2.166965273153686,0.6104807285825095,0.0049666261300531644,2.8949999999999996,13.0,0.9046875,1.0,-0.006717887610714846,-0.03294902258277596,-0.9900667477398636,30251
