Al,Ap,cost,Xtau,XN,Ztau,ZN,xx,yy,zz,fev
2.786555075415952,0.4011847549854694,0.0001931819320502015,4.206713224280817,22.0,0.4882396430519358,1.0,-0.012048014054446537,0.002794965537136977,-0.9823159125547016,45488
3.550506099128122,1.4640893137507927,0.0020225544988546895,0.3403805895994707,10.0,0.04231697347404582,13.0,-0.051673337275488146,-0.003593625554047363,-0.9946189019770286,35206
4.5760212911556035,0.5281995605697645,0.00029009950978275967,4.08,22.0,0.765,1.0,-0.021455753983009418,-0.01658545460250415,-0.9957530491164525,24457
