Al,Ap,cost,Xtau,XN,Ztau,ZN,xx,yy,zz,fev
3.8782155417998587,1.1806201906390574,0.0003373517023932404,1.687483505402544,10.0,0.36859375,1.0,-0.01917127064585264,0.008146549356157952,-0.9933344897274755,28818
2.775733833101797,0.800307252960439,0.0006813638567770841,4.200748078410209,13.0,0.5824623101796922,1.0,-0.011930286106181886,0.009839241260157706,-0.996838607436881,39347
3.115574383254003,1.192569613799881,0.0005218040166481419,4.018906822090671,10.0,0.6296875000000001,1.0,0.02706662804745945,0.0015090577493065312,-0.9820238131161837,42710
2.1626528705908186,0.4551217353227676,9.304980030433452e-05,2.8956809588461048,16.0,0.5439474314101755,1.0,-0.011122743262992776,0.008937731097511361,-0.9941630844611702,32131
3.2572262586320404,1.0561327646373044,0.00023766838566186,3.969852675908244,10.0,0.9922544598470728,7.0,-0.01783100481268883,-0.018369683861919554,-0.9814994396142649,39527
