Al,Ap,cost,Xtau,XN,Ztau,ZN,xx,yy,zz,fev
2.2125934253980604,1.7236947259759796,0.009474123351684516,3.6693336712680114,10.0,0.21572265025827134,4.0,-0.015045875731774464,0.020361830468478864,-0.9810517532966457,34683
0.7065467921280659,1.3004791541019223,0.009620793387871363,2.5429663979562713,7.0,0.149898393805011,4.0,-0.07989064944968469,-0.023819349330445994,-0.9807584132242517,31081
2.7017353725414757,0.7567510274193942,0.005021348703415751,4.2457732040996685,13.0,1.8584761734995257,4.0,-0.02534998677033506,0.0018908247748318265,-0.9899573025931486,37419
4.8751333199078335,1.0681530482659494,0.005855948372702091,3.9615564144267665,13.0,1.2400940240453786,1.0,-0.016205912118186196,0.006270056834504132,-0.9882881032545744,28491
