Al,Ap,cost,Xtau,XN,Ztau,ZN,xx,yy,zz,fev
2.6757885219443347,0.7457646852108281,0.006287772801649827,2.71,13.0,0.5081249999999999,1.0,-0.02549698415482564,0.0050224438730132204,-0.987424454396698,50207
1.2315306903456273,0.46430577191159134,0.008081374638184369,0.47,13.0,0.146875,1.0,-0.01893747565619763,-0.0015621891548604234,-0.9838372507236315,70181
