Al,Ap,cost,Xtau,XN,Ztau,ZN,xx,yy,zz,fev
4.263921860043596,0.5156468732577726,0.0011687029659034343,2.916841410272572,22.0,0.09125,1.0,-0.008150006751830693,0.005100424470511288,-0.9976625940682025,47000
3.370518295573952,1.6055814152854728,0.009982333227842255,0.355,7.0,0.0221875,4.0,-0.05109343991563505,-0.005531362593599824,-0.9800353335443184,35865
2.236359749733366,0.4115502756956426,0.0020263705697239898,2.8693447491460775,19.0,0.9183196048177575,1.0,-0.009638920759339229,-0.023287786014011137,-0.995947258860525,32180
2.239202949419431,0.7743742017834707,0.006704305416994849,2.8589916773275856,10.0,0.16904862887930922,1.0,-0.017717776504002143,0.005160649844001606,-0.9865913891660136,32017
1.7353655845329643,1.877970665697514,0.008812105699281036,2.1678787939144435,10.0,0.13154016773951005,7.0,-0.09160812791878617,-0.015381743251144902,-0.9823757886014264,28113
4.971717025198287,1.7260239848404786,0.006018302370164097,3.904594399344175,7.0,0.2568470792584017,4.0,-0.008757393471456994,0.03612480747492143,-0.9879633952596667,31103
2.9369006224034298,0.37257871820388366,0.006529389953701115,4.13,25.0,0.51625,1.0,-0.00673424395456702,0.005244094528915277,-0.9869412200926038,56302
4.59668963443726,0.8225422882113341,0.00844882119608581,4.0677712534389165,13.0,0.26844988919485513,4.0,-0.010649649165344726,0.010295211784359245,-0.9831023576078256,25050
