Al,Ap,cost,Xtau,XN,Ztau,ZN,xx,yy,zz,fev
3.2029892874348436,0.4790878249740061,7.466766467434383e-05,4.005,19.0,0.2503125,22.0,-0.009529213317947309,0.0027589775861418184,-0.9812069939759841,44317
